date,credit_rating,gdp,house_mkt,inflation,monetary,oil,unemp,usd
1985-01-31,1.028052388709877,0.5447575788758809,0.303110173958882,2.240493084545405,1.150977926793644,3.936228590214935,0.241647404916999,1.212440695835525
1985-02-28,0.60679611650485,0.303398058252427,0.218627022299956,1.566075241657145,2.52535436680944,1.432219255309661,0.522025080552383,2.12378640776699
1985-03-29,0.2130681818181815,0.282942603071948,0.0,1.5579067759241536,1.0618959910340215,1.697655618431685,0.7789533879620765,1.697655618431685
1985-04-30,0.0,0.78853046594982,0.0,1.83990442054958,1.3142174432497,1.5510312215058895,1.57706093189964,1.05137395459976
1985-05-31,0.2229114169412675,0.850801479654745,0.0,2.147425793192025,1.519535730478545,2.37033721013329,1.29662431353728,0.567200986436495
1985-06-28,0.286368843069874,0.572737686139745,0.1991238550378335,1.3445992273173286,1.4564780943231201,1.543723082355162,0.970985396215412,0.572737686139745
1985-07-31,0.617615467239525,0.617615467239525,0.3088077336197635,1.189520890175236,0.8350031122516535,3.214044892602125,0.617615467239525,0.3088077336197635
1985-08-30,0.319396051103368,0.5502459986374705,0.7810959461715735,2.4666223052576774,1.6507379959124049,3.1054144074644126,1.7392840994816754,0.9581881533101
1985-09-30,0.3139013452914795,0.838139229044493,0.0,3.0386555708865046,3.773229993101065,1.57271365125905,0.210336538461538,0.941704035874435
1985-10-31,0.0,0.221153846153846,0.60036543983294,1.042673132140632,1.643038571973572,2.08534626428126,0.5213365660703165,0.3001827199164705
1985-11-29,0.0,0.90473485078647,0.0,1.92945118913072,0.31616982836495,1.92945118913072,1.22090467915142,0.6323396567299
1985-12-31,0.317460317460317,0.63492063492063,0.0,1.4742642395494976,2.20057049642628,2.1091848744701327,1.043766574337095,1.587301587301585
1986-01-31,0.0,0.978445830969935,0.2182163187855785,2.5012565910487634,1.7410270788644069,4.028770822547815,1.5228107600788285,1.30459444129325
1986-02-28,0.0,0.31104199066874,0.0,2.94994218656451,1.3194500979478851,5.084638328820705,1.126288034977052,2.3704559976520123
1986-03-31,0.0,0.9952614583080981,0.0,1.492892187462145,1.266157719090006,2.06928742991411,1.379524953276075,1.22199592668024
1986-04-30,0.3979019714234035,0.4811469836593665,0.4811469836593665,1.6099309754500266,0.6800979693710685,2.604685904008535,0.9622939673187334,1.12878399179066
1986-05-30,0.0,0.59929174611822,0.1972032986733595,1.6954326639689143,0.993698343464939,2.68144915733571,1.498229365295555,0.2996458730591115
1986-06-30,0.0,0.7811183369186985,0.0,1.949976703379495,1.2686125127635721,2.537225025527145,0.9749883516897471,0.58724832214765
1986-07-31,0.0,0.2187975646879755,0.531552527973262,0.62550992657057,1.1570624545438355,3.908782493007455,0.7503500926612375,1.251019853141145
1986-08-29,0.0,0.188984881209503,0.626304801670145,1.128442083714718,1.50641184613372,1.630579365759296,0.815289682879648,1.25260960334029
1986-09-30,0.0,0.0,0.0,1.9763257021430802,1.1845024375095035,2.00852099817407,1.7638884676896236,1.33901399878271
1986-10-31,0.0,0.0,0.0,1.470635512797585,1.396199232557179,4.902118375991965,0.980423675198393,0.603991596638655
1986-11-28,0.2978850163836755,0.7675618211198665,0.0,1.3633318538872163,0.2978850163836755,1.6612168702708914,0.469676804736192,1.1915400655347
1986-12-31,0.0,0.5259200183461066,0.8269671387649535,1.50523560209424,1.4290613796026486,1.7301085000214984,0.90314136125654,0.301047120418848
1987-01-30,0.0,0.0,0.3248670998227995,0.86365874262498,0.9666407287609545,2.274069698759595,1.0775832856043654,0.974601299468395
1987-02-27,0.0,0.636132315521625,0.2024701356549905,2.40021133142403,2.83387351129067,3.9905421202281,0.95419847328244,0.95419847328244
1987-03-31,0.0,0.0,0.299564270152505,2.858137790635375,1.53514411228972,1.110843244401584,1.447730276081285,1.19825708061002
1987-04-30,0.0,0.89406664860471,0.0,1.788133297209425,0.59604443240314,1.4389563097977751,1.402816834154944,1.192088864806285
1987-05-29,0.0,0.5003396549028984,0.0,0.882644406404808,1.4279014923587254,1.3098665889577414,0.8095269340548406,0.618374558303885
1987-06-30,0.0,0.6092495153697,0.7792741643730929,1.218499030739405,0.8465742187138204,2.6743227648229353,0.3046247576848515,1.523123788424255
1987-07-31,0.0,0.0,0.0,1.4363076005597506,1.4363076005597506,1.4363076005597506,0.64066852367688,0.64066852367688
1987-08-31,0.3352490421455935,0.670498084291185,0.3352490421455935,1.556912269754491,0.886414185463301,2.659242556389905,0.886414185463301,1.340996168582375
1987-09-30,0.0,0.332025354663447,0.0,1.036100456007587,1.4654594648864354,1.1334341102229855,1.7001511653344799,0.66405070932689
1987-10-30,0.0,0.616937745372965,0.0,2.5700364030548193,3.803105589801945,2.0561903832436195,0.616937745372965,2.77621985417835
1987-11-30,0.5231400145833225,0.0,0.0,2.3514385126967845,1.3725696500491795,0.5231400145833225,1.7662704374507499,1.30515848353014
1987-12-31,0.0,0.64174107142857,0.0,3.0673994467238552,2.0341348843715,3.0673994467238552,1.713264348657215,1.92522321428571
1988-01-29,0.0,0.2117789431222265,0.0,1.6498352585072231,1.86161420162945,1.4380563153849966,1.1314869723193064,0.613138686131385
1988-02-29,0.0,0.618556701030925,0.3092783505154635,1.237113402061855,1.237113402061855,1.237113402061855,0.618556701030925,1.237113402061855
1988-03-31,0.0,0.587334014300305,0.293667007150153,2.349336057201225,1.1071119140969354,1.468335035750765,1.1071119140969354,0.881001021450455
1988-04-29,0.0,1.104202308809072,0.0,1.323821635309804,1.028960641207024,1.028960641207024,1.76916596461668,0.58972198820556
1988-05-31,0.0,0.614182021217195,0.2241695536987975,2.290885171049185,2.51505472474798,1.7596246067417876,1.983794160440585,0.614182021217195
1988-06-30,0.2931769722814495,0.0,0.0,2.052238805970145,1.1155317750292835,1.6447096054956725,0.0,0.2931769722814495
1988-07-29,0.2997430773622605,1.3188935006719116,0.0,1.9183796553964314,2.54787605827413,0.8093182890170856,1.0191504233096516,0.59948615472452
1988-08-31,0.0,0.7773474891014804,0.0,1.85234899328859,1.7035219857457755,0.8517609928728875,1.85234899328859,0.308724832214765
1988-09-30,0.480559196155526,0.0,0.0,0.909592061742005,0.543476951991765,1.63043085597529,1.264315746225052,0.606394707828
1988-10-31,0.1953125,1.01200941470054,0.467544804900181,1.20732191470054,1.40263441470054,0.81669691470054,1.20732191470054,0.54446460980036
1988-11-30,0.208966565349544,2.114222954420645,0.510998415981065,3.043154501100795,2.6480573651873,2.6480573651873,0.90609555189456,0.90609555189456
1988-12-30,0.0,1.0934047787236965,0.0,2.4366959727131796,1.546248050425,1.6401071680855401,0.546702389361848,0.59363194819212
1989-01-31,0.0,0.0,0.5306198906574885,1.4450006055369544,0.609587143252975,1.219174286505955,0.304793571626489,0.304793571626489
1989-02-28,0.0,1.21212121212121,0.0,2.7729609806516153,2.7729609806516153,1.429370831934375,0.520279922843468,0.606060606060605
1989-03-31,0.2950987939440595,0.2950987939440595,0.0,3.696963860460295,2.366276308992175,3.3239758999504447,1.035588757524056,0.885296381832175
1989-04-28,0.19153418885271,0.828958275766785,0.0,3.698901480772565,1.84945074038628,1.573131315130685,0.2763194252555955,0.55263885051119
1989-05-31,0.2309236947791165,0.90054815974941,0.3001827199164705,3.02497381853176,1.8242429388658752,0.7620301094747035,0.8312891346120566,0.90054815974941
1989-06-30,1.0614539629050346,1.3076491285272351,0.2845318158303155,3.4688937045454153,1.876712760187865,1.13812726332126,0.5307269814525175,0.56906363166063
1989-07-31,0.0,0.225612376450365,0.0,2.05913973384268,1.9791642173943256,0.611175785797435,1.14237605514652,0.0
1989-08-31,0.553077294737174,0.310307609282245,0.0,0.930922827846735,1.0386166656470301,0.930922827846735,0.863384904019419,0.62061521856449
1989-09-29,0.0,0.0,0.3032928942807625,1.760027449831089,1.153441661269564,0.606585788561525,0.5468558727080415,0.909878682842285
1989-10-31,0.507686796845123,0.579557428872495,0.579557428872495,0.579557428872495,0.7974655112813694,1.44889357218124,0.7974655112813694,0.7974655112813694
1989-11-30,0.61867266591676,0.30933633295838,0.0,0.92800899887514,2.519467937436645,1.23734533183352,0.221149979895456,0.30933633295838
1989-12-29,0.310742823320509,0.858292141904885,0.5475493185843789,1.169034965225395,0.5475493185843789,1.242971293282035,0.310742823320509,0.310742823320509
1990-01-31,0.565994514110318,0.884995901072866,0.6380027739251,2.973989090181155,3.220982217328925,0.319001386962552,0.319001386962552,0.6380027739251
1990-02-28,0.0,0.0,0.0,2.010738698771118,2.3386747039170404,2.326994233242968,0.632511068943705,0.632511068943705
1990-03-30,0.4457953394123605,0.3067484662576685,0.0,0.613496932515335,0.5296461359638485,0.920245398773005,0.613496932515335,0.3067484662576685
1990-04-30,0.300515168860904,1.4138396185658415,1.1133244497049366,2.0148699562876513,1.837397504810295,1.202060675443615,0.90154550658271,0.90154550658271
1990-05-31,0.0,0.324950551003108,0.2399332359691215,2.3445524629229,1.6096340458827,0.97485165300932,0.8898343379753365,0.324950551003108
1990-06-29,0.0,1.1123775569360617,0.3135264257987455,3.3070625375272815,0.940579277396235,1.8102944816630104,1.25410570319498,0.62705285159749
1990-07-31,0.3345498783454985,0.9160133369379084,0.0,1.338199513381995,1.162926917184822,1.8320266738758222,0.581463458592412,0.669099756690995
1990-08-31,0.0,0.335081585081585,0.0,3.278531340688561,1.603123415280636,7.246828430557859,0.9329602451174659,1.005244755244755
1990-09-28,0.3151591553734635,0.8656124283939834,0.3151591553734635,2.1262490498878384,1.4160657014145075,7.080328507072535,1.1807715837674484,0.3151591553734635
1990-10-31,1.1634241095518154,2.326848219103636,0.547297669691116,2.5660826688644,3.559101098825036,3.96874122817698,1.710721779242931,0.6161264398607
1990-11-30,1.219801008542394,0.965759438103595,0.5759613831399986,2.4396020170847903,2.6257653452611898,2.575358501609595,2.185560446645994,0.643839625402395
1990-12-31,0.251497005988024,0.251497005988024,0.251497005988024,1.894175353922939,0.5800326755750075,3.054240705072955,2.320130702300025,0.3285356695869835
1991-01-31,0.2781136638452235,0.0,0.399166955918084,0.6772806197633074,2.8661828508255898,1.6326749033718349,0.0,0.399166955918084
1991-02-28,0.240384615384615,0.4807692307692305,0.0,1.108300574763988,0.240384615384615,0.8679159593793735,0.4807692307692305,0.0
1991-03-28,0.0,0.0,0.0,1.08658157985512,1.5830354805643394,0.9726146702580245,0.0,0.0
1991-04-30,0.636046008461717,0.91249737815259,0.0,0.71918927754168,0.9956406472325571,1.27209201692343,0.71918927754168,0.0
1991-05-31,0.0,0.6507910765127756,0.746026597469995,0.6507910765127756,0.928568854290553,1.119039896204995,1.4841244098461082,0.373013298734998
1991-06-28,0.2349072116513975,0.358680057388809,0.0,0.2349072116513975,0.8284944806916039,0.358680057388809,0.8284944806916039,0.717360114777615
1991-07-31,0.0,0.0,0.2765087761481125,0.3825681969394545,0.553017552296225,1.9772309192626951,0.553017552296225,0.0
1991-08-30,0.0,0.2651241262954925,0.4198473282442745,0.839694656488545,0.9500955808352595,0.0,1.25954198473282,0.0
1991-09-30,0.0,0.454447089374594,0.0,1.529081795292772,1.406115760256157,1.013151688399867,1.074634705918177,0.0
1991-10-31,0.0,0.70015220700152,0.6042759266661011,1.05022831050228,1.4627516764975401,1.8128277799983001,0.95435203016686,0.0
1991-11-29,0.0,0.0,0.6196213639983715,1.6141088472398697,1.8588640919951103,0.6196213639983715,0.8643766087536164,0.0
1991-12-31,1.178996265695,0.43069694596711,0.43069694596711,2.72052021017229,0.929563159119037,1.29209083790133,1.178996265695,0.0
1992-01-31,1.62131306436597,0.624391549999638,0.251861585632939,1.62131306436597,0.755584756898815,0.745059928733395,1.128114721265514,0.372529964366699
1992-02-28,1.1387318916463325,0.3511235955056175,0.3511235955056175,1.578442983943995,0.8761957929327624,0.702247191011235,1.312680493567865,0.3511235955056175
1992-03-31,0.0,0.0,0.220352564102564,1.147646002241113,1.280763875156544,0.7941755652231226,1.58835113044624,0.0
1992-04-30,0.3441802252816015,0.233199067203731,0.0,1.732137877455995,0.0,0.6883604505632,1.154758584970662,0.0
1992-05-29,0.5856076599140341,0.0,0.222788033099936,0.948427286728131,0.4455760661998725,2.1196426065561953,0.948427286728131,0.0
1992-06-30,0.6135293009233085,0.0,0.360655737704918,1.479932165065005,1.7328057282833949,0.721311475409835,0.721311475409835,0.360655737704918
1992-07-31,0.0,0.934606912385204,0.0,2.052781397369074,1.9304030156366299,1.28693534375775,2.2215422561429596,0.0
1992-08-31,0.0,1.1047682472637346,0.0,2.434907088321398,0.475220638153428,1.021484899143899,2.826844378354993,0.0
1992-09-30,0.76230076230076,0.381150381150381,0.0,1.4058557236038116,1.168364121608396,0.905959541455721,3.33652060751297,0.0
1992-10-30,0.0,0.354838709677419,0.0,1.515890769984245,0.93536473983083,0.580526030153414,1.031900671105404,0.0
1992-11-30,0.0,0.6181528184036255,0.3887449092928545,2.173132455575041,1.236305636807247,0.3887449092928545,2.86135618290735,0.3887449092928545
1992-12-31,0.0,0.411154808723632,0.0,1.922329932793588,0.555421395798115,0.966576204521747,1.100020315346323,0.0
1993-01-29,0.8487668150978924,1.8562675865861151,0.6187558621953735,1.396245680781079,1.0787777680004096,2.086278539488635,2.24501249587897,0.0
1993-02-26,0.0,0.0,0.0,1.7129887721446664,1.09849871841816,1.725627735960585,0.73233247894544,0.0
1993-03-31,0.363924050632911,0.363924050632911,0.0,0.72784810126582,0.72784810126582,1.7554876519581304,1.09177215189873,0.0
1993-04-30,0.0,1.23226247325648,0.354039266173157,2.032288301320872,0.52418394091017,1.58630173942964,1.324209768974557,0.0
1993-05-28,0.0,0.625498405103668,0.0,1.89393939393939,1.1189194577352435,2.008572567783094,0.625498405103668,0.3787878787878785
1993-06-30,0.2720751916893395,0.0,0.3782668500687755,1.300684083516225,1.300684083516225,0.9224172334474505,1.0286088918268894,0.0
1993-07-30,0.0,1.8047910432663796,0.0,2.3428199011778448,1.3059171650667851,1.3059171650667851,1.8047910432663796,0.0
1993-08-31,0.3951149425287355,1.185344827586205,0.0,0.659792517119688,0.79022988505747,0.2646775745909525,1.0549074596484225,0.0
1993-09-30,0.0,0.3804911795226565,0.0,1.71874984399961,0.669129332238479,2.0073879967154302,0.0,0.3804911795226565
1993-10-29,0.4310344827586205,0.7789470076095151,0.0,1.3423767738397152,0.21551724137931,0.7789470076095151,2.5185096318639855,0.3479125248508945
1993-11-30,0.0,0.3768413840356285,1.130524152106885,0.9988900797074565,1.3757314637430864,0.980829246544805,0.62204869567183,0.0
1993-12-31,0.0,0.0,0.98948572497419,1.23478883321403,0.0,0.82319255547602,0.7005410013561,0.41159627773801
1994-01-31,1.3753656609655573,1.3753656609655573,0.375536480686695,3.12626780261781,0.0,1.50214592274678,3.1214634979608347,0.0
1994-02-28,0.0,1.71051765014048,0.3856536829926725,2.481825016125825,1.819393032551924,0.6624319835739065,1.71051765014048,0.3856536829926725
1994-03-31,0.6662071127649855,0.0,0.3935660506502395,0.3935660506502395,0.9388481748797295,0.6662071127649855,0.6662071127649855,0.0
1994-04-29,0.2599009900990095,1.0574703026702195,0.0,1.5772722828682348,0.658685646384615,0.2599009900990095,2.2538242715270345,0.0
1994-05-31,0.0,0.661207180747445,0.0,1.98362154224233,0.661207180747445,0.81967213114754,0.81967213114754,0.0
1994-06-30,0.0,1.350937881534645,0.3840782122905025,1.933719338488285,0.87417218543046,0.291390728476821,0.58278145695364,0.3840782122905025
1994-07-29,0.447189097103918,0.0,0.447189097103918,1.34156729131175,0.447189097103918,0.0,0.0,1.78875638841567
1994-08-31,0.2846534653465345,0.0,0.569306930693065,0.0,2.0834280615202703,0.6601607347876,2.5497891350558652,0.0
1994-09-30,0.578642819568645,3.2260555752846454,0.2893214097843235,2.10846023785062,2.10846023785062,1.902349197426645,3.5153769850689702,0.0
1994-10-31,0.0,2.213073959659187,0.0,3.530514361164837,1.976160602258465,1.7912671163070888,2.8717941604120116,0.0
1994-11-30,0.253281142067695,1.32052821128451,1.98079231692677,1.32052821128451,1.8270904954198999,1.573809353352205,3.147618706704415,0.0
1994-12-30,0.0,1.2401163440748402,0.0,1.9182914365532602,1.802057595671265,1.6373208107550514,0.9591457182766315,0.0
1995-01-31,0.0,0.70467648942985,0.9760134405891985,1.790024294067245,1.5186873429078949,1.409352978859705,0.9760134405891985,0.70467648942985
1995-02-28,0.55447740504574,1.93923723335488,0.64641241111829,2.216475935877752,1.755367221209775,0.55447740504574,0.0,0.0
1995-03-31,1.1780840913269301,0.913351126317723,0.648618161308515,1.442817056336135,0.264732965009208,0.0,1.561969287626238,0.0
1995-04-28,0.4308487720809995,0.4308487720809995,0.655307994757535,0.655307994757535,1.5260403755555694,0.655307994757535,0.0,1.31061598951507
1995-05-31,0.0,2.153255890032004,0.0,0.63082830499177,0.891599280048459,0.0,1.413141230161835,0.0
1995-06-30,0.0,0.625711035267345,1.568882387995012,0.0,0.943171352727662,1.886342705455325,2.1945934232623623,0.0
1995-07-31,0.0,1.98989260897031,0.0,1.32659507264687,0.0,0.0,0.663297536323435,0.663297536323435
1995-08-31,0.0,1.31128848346636,0.0,0.9246500896863961,0.807017543859645,0.0,0.53801169590643,0.0
1995-09-29,0.0,0.0,0.64535955746773,0.912807341471805,0.267447784004075,0.0,1.82561468294361,0.0
1995-10-31,0.0,1.5895473000769085,0.64139941690962,0.0,0.9481478831672885,0.0,0.64139941690962,0.0
1995-11-30,0.4807692307692305,1.92757009345794,0.0,2.4083393242271707,1.1232925952552106,0.0,2.81047807332854,0.0
1995-12-29,0.2209595959595955,0.642201834862385,0.2209595959595955,2.7897669354091357,0.2209595959595955,1.28440366972477,0.0,0.642201834862385
1996-01-31,1.4204978601674099,0.0,0.637119113573405,0.261126248864668,0.8982453624380731,1.27423822714681,0.522252497729335,0.0
1996-02-29,0.0,0.4662522202486675,0.0,1.7649535189499623,0.0,0.649350649350645,1.5318274088256285,0.649350649350645
1996-03-29,0.4184934236747705,1.839953271028035,1.22663551401869,0.82256446884673,0.613317757009345,0.613317757009345,0.613317757009345,0.0
1996-04-30,0.0,0.0,0.61728395061728,0.8529309086292766,0.61728395061728,1.4702148592465614,0.0,0.0
1996-05-31,0.0,2.7370768814956294,0.0,2.7370768814956294,0.8681711393504495,0.622968580715055,0.490405117270789,0.0
1996-06-28,0.636942675159235,0.8525528519595795,0.636942675159235,0.8525528519595795,0.4312203536006895,3.184713375796175,1.0681630287599244,0.0
1996-07-31,0.0,0.0,0.68087625814091,0.68087625814091,0.9479454639003155,1.6288217220412256,1.6288217220412256,0.68087625814091
1996-08-30,0.0,2.469472705325331,0.9048023394653055,1.5646703658600254,2.2245383922547455,0.9048023394653055,3.7892087581147758,0.0
1996-09-30,0.63444108761329,1.268882175226585,0.0,1.268882175226585,1.268882175226585,0.0,2.1267275181590235,0.0
1996-10-31,0.0,1.15610049586843,1.88318777292576,1.519644134397095,2.147373392039015,0.0,1.78382975351035,0.0
1996-11-29,0.0,0.660377358490565,0.247000705716302,1.981132075471695,0.660377358490565,1.567755422697432,1.32075471698113,0.0
1996-12-31,0.0,0.0,1.2001570364641,0.937501831115485,1.34969325153374,0.0,2.137658867579585,0.0
1997-01-31,0.2844422458570365,0.9472664533498315,0.9472664533498315,3.50462356754229,1.231708699206865,2.9357390758282165,3.22018132168525,0.0
1997-02-28,0.0,0.0,0.637755102040815,0.8953542777234524,1.7907085554469049,0.637755102040815,0.8953542777234524,0.0
1997-03-31,0.616559013505575,0.616559013505575,0.0,3.186071520201465,0.616559013505575,1.233118027011155,3.9392992364265234,0.0
1997-04-30,0.0,0.885525608803056,2.501421262080725,2.65657682640917,2.031221510888985,0.62535531552018,1.510880924323236,0.0
1997-05-30,0.0,1.26801152737752,0.63400576368876,0.63400576368876,0.0,0.0,2.424458516428425,0.63400576368876
1997-06-30,0.0,2.0051571796099203,0.0,0.586264656616415,1.17252931323283,0.586264656616415,2.0051571796099203,0.0
1997-07-31,0.0,0.9526587647053385,2.2875397861795084,0.9526587647053385,0.2852182539682535,0.0,0.9526587647053385,0.0
1997-08-29,0.0,0.64298836497244,0.0,1.5421367689787955,0.8991484040063505,0.0,2.44128517298515,1.285976729944885
1997-09-30,0.65398335315101,1.30796670630202,0.0,0.260047281323877,0.52009456264775,0.52009456264775,1.17407791579876,0.0
1997-10-31,0.0,0.25352733686067,1.15861274737573,1.95467422096317,2.06369815789079,0.0,2.57075283161213,1.30311614730878
1997-11-28,0.0,1.4652710874048755,0.623441396508725,1.246882793017455,0.0,0.0,1.246882793017455,0.0
1997-12-31,0.0,1.530632516679578,0.0,1.92200557103064,1.7799279860053965,1.28133704735376,3.0612650333591565,0.0
1998-01-30,0.900845843445351,1.984365604329525,1.32291040288635,3.181318814340405,3.84277401578358,0.0,1.8016916868907025,0.900845843445351
1998-02-27,0.0,0.0,0.0,1.96078431372549,0.65359477124183,0.65359477124183,0.0,0.238606537819136
1998-03-31,0.2259654889071485,0.0,1.19370591427021,0.0,0.677896466721445,1.19370591427021,0.0,0.2259654889071485
1998-04-30,1.181525241675615,2.0162443938951062,1.6694383044389771,3.197769635570721,3.197769635570721,0.590762620837805,1.6694383044389771,0.8347191522194859
1998-05-29,0.0,1.4944955768788648,0.598973188819165,0.223880597014925,0.598973188819165,0.0,1.4218269746532548,0.223880597014925
1998-06-30,0.0,1.431933062659559,0.0,1.18216012896292,0.840852998178099,0.0,2.2727860608376584,0.840852998178099
1998-07-31,0.0,1.25272331154684,0.62636165577342,2.50544662309368,1.87908496732026,1.87908496732026,2.50544662309368,2.1481537553408496
1998-08-31,0.0,0.0,0.0,2.8827559510326592,0.8966273255597695,0.0,0.2345844504021445,0.662042875157625
1998-09-30,0.64289888953828,1.28579777907656,3.214494447691405,2.0283720365023,3.16632043099108,1.28579777907656,3.957068705117145,0.2475247524752475
1998-10-30,0.0,0.625711035267345,0.0,1.1067956624267585,1.251422070534695,0.2405423135797065,0.8662533488470514,0.2405423135797065
1998-11-30,0.0,0.0,0.0,0.0,0.6394640682095,0.6394640682095,0.8570806485203805,0.6394640682095
1998-12-31,0.0,2.245830690145838,0.224741059214383,2.246357324145165,1.572134146502018,0.673696543643815,3.369009352218425,0.8984376028581981
1999-01-29,0.0,0.0,0.843228865415011,1.278928136419,2.297752122446555,0.0,1.482692933624511,0.203764797205511
1999-02-26,0.64102564102564,0.0,0.0,1.0720601237842604,0.64655172413793,1.28205128205128,0.8565428824049499,0.8565428824049499
1999-03-31,0.611052072263545,0.0,0.0,3.5101654246088843,1.065957135554684,0.0,2.444208289054195,0.2274525316455695
1999-04-30,0.2079002079002075,0.4158004158004155,1.6049896049896004,2.1995841995841956,1.6049896049896004,0.59459459459459,2.1995841995841956,0.2079002079002075
1999-05-28,0.0,0.8249128357438,0.0,0.205078125,0.205078125,0.0,0.0,0.205078125
1999-06-30,0.446428571428571,0.8312850430387705,0.0,3.32514017215509,1.6625700860775459,1.4393558003632605,2.4938551291163202,0.2232142857142855
1999-07-30,0.0,1.254275940706955,0.627137970353475,1.7172389036699176,3.0388213184678348,0.0,2.9715148443768724,0.231481481481481
1999-08-31,0.0,0.0,0.227085053674649,0.454170107349298,2.0263606539730548,0.890935385599814,1.32770066385033,0.227085053674649
1999-09-30,0.0,0.0,0.0,0.85975747191644,1.9485384707951998,0.0,0.85975747191644,0.229023526962315
1999-10-29,0.843163695168376,0.210252302763316,1.053415997931692,1.68417290622164,1.4739206034583199,0.0,0.843163695168376,0.210252302763316
1999-11-30,0.0,1.262191623637405,0.2260583641594735,1.89328743545611,1.4882499877968784,0.2260583641594735,1.89328743545611,0.0
1999-12-31,0.0,2.4441802317249133,0.2324171382376715,1.97934595524957,2.4441802317249133,0.0,1.3570333997962,0.8921991233208565
2000-01-31,0.0,2.060170045781555,0.0,2.060170045781555,2.959357983610532,2.060170045781555,2.272634635016682,0.68672334859385
2000-02-29,0.0,0.68181818181818,0.0,2.045454545454545,2.27257978880302,1.36363636363636,1.36363636363636,0.227125243348475
2000-03-31,0.0,2.275224353064109,0.225313479623824,3.6418316020242942,3.8597818960395,2.049910873440285,1.8172342082078385,0.225313479623824
2000-04-28,0.0,0.9403852047657325,0.0,3.02407769221928,2.8211556142972,0.4058441558441555,1.8807704095314703,0.0
2000-05-31,0.267379679144385,1.23743450833038,0.4850274145929985,0.267379679144385,1.940109658371995,1.455082243778995,1.940109658371995,0.267379679144385
2000-06-30,0.247971145175834,0.247971145175834,1.180891035963495,0.838416663157579,1.924804471490995,0.247971145175834,0.838416663157579,0.247971145175834
2000-07-31,0.0,2.001270648030495,0.0,4.00254129606099,2.66836086404066,4.224200574085056,2.66836086404066,0.667090216010165
2000-08-31,0.3569211669770325,0.5572695990327815,0.400696864111498,1.78460583488516,2.0287299640753753,0.3569211669770325,0.7576180310885305,0.200348432055749
2000-09-29,1.026231376355884,1.026231376355884,0.0,0.973642003967413,0.7894314776516265,0.605220951335837,1.5788629553032498,0.605220951335837
2000-10-31,0.0,0.1669449081803005,0.0,1.4724614176517,0.7362307088258531,1.1385716012911011,0.7362307088258531,0.5692858006455526
2000-11-30,0.57771087970346,1.321610005365522,0.411522633744856,1.1554217594069178,1.1554217594069178,1.234567901234565,0.57771087970346,0.57771087970346
2000-12-29,0.6357283437880841,0.474040632054176,1.109768975842258,1.583809607896433,1.271456687576166,1.583809607896433,1.1207914789898061,1.109768975842258
2001-01-31,0.7091183795539255,1.509186351706035,0.503062117235345,1.00612423447069,2.63041725589712,2.01224846894138,0.7091183795539255,0.2060562623185805
2001-02-28,1.955990220048895,0.2028809089064715,0.0,1.6698735739431465,1.992399654556805,0.691878463918696,0.2028809089064715,0.2028809089064715
2001-03-30,0.1963584434130665,1.9047443782350635,0.0,3.0534750107656654,0.5890753302392,2.2680412371134,1.1487306325305986,0.9523721891175315
2001-04-30,0.201535508637236,2.714347264110295,0.4523912106850495,1.106317930007331,1.809564842740195,0.904782421370095,2.714347264110295,0.4523912106850495
2001-05-31,0.0,0.191730576858953,0.4850274145929985,0.0,1.646812820637948,0.4850274145929985,0.0,0.0
2001-06-29,0.0,0.6623052989565605,0.0,0.4809894640403115,1.505926432829365,0.4809894640403115,0.84362113387281,0.0
2001-07-31,0.98831985624438,0.98831985624438,0.0,0.98831985624438,0.0,1.976639712488765,1.378736892624149,0.98831985624438
2001-08-31,0.431196100487439,1.3036815332849285,0.862392200974875,2.3867184004148347,2.3867184004148347,2.1660737342598084,0.6518407666424655,1.293588301462315
2001-09-28,0.6220166906993775,1.4881925243936176,0.1889287738522575,1.73235166738848,3.787330513338865,3.5984017394866052,3.24378185820654,0.6220166906993775
2001-10-31,0.5590902378260045,2.56860242501595,0.733886407147415,1.46777281429483,0.926033441399712,1.834716017868535,1.67727071347801,1.292976644973417
2001-11-30,1.608701814943349,1.832772747411837,0.4113687359760655,1.832772747411837,0.9732621464987955,3.478247691316102,2.020070550919414,1.421404011435772
2001-12-31,0.0,0.935828877005345,0.4679144385026735,0.648295816272816,2.0520391317808375,4.391611324294203,2.0520391317808375,1.871657754010695
2002-01-31,1.37450199203187,1.37450199203187,0.2203065134099615,2.0529758361191215,4.5465646990581705,3.665338645418325,2.493588862939045,1.1366411747645415
2002-02-28,0.4075810067250865,1.0666032729915331,0.203790503362543,1.929416042620523,4.290238470055542,1.294219154443485,0.635196888177038,0.431406384814495
2002-03-28,2.172002644881935,0.80924855491329,0.404624277456647,1.21387283236994,1.17825224495019,2.6122475097583298,0.0,0.404624277456647
2002-04-30,0.596711618472827,0.201170446232626,0.596711618472827,1.582164688960805,0.596711618472827,1.582164688960805,0.8046817849305,1.1866235167206
2002-05-31,2.561887340992357,1.0663914316902086,0.42910447761194,2.132782863380417,0.85820895522388,3.6410182973618483,1.0663914316902086,1.71641791044776
2002-06-28,1.3691034319482356,1.96772924045651,1.180637544273905,1.96772924045651,1.7626492800395406,0.9755575838569355,2.1561951281308405,1.180637544273905
2002-07-31,0.886319845857415,0.886319845857415,0.443159922928709,1.329479768786125,0.443159922928709,3.10211946050096,0.6715611145871,1.329479768786125
2002-08-30,0.7064141532226635,3.60751305432156,0.4835164835164835,0.4835164835164835,0.4835164835164835,5.280960174577196,2.640480087288595,1.1899306367391451
2002-09-30,1.8390024941571286,1.449608835710995,0.1946968292230665,1.449608835710995,0.4832029452369995,1.932811780947995,1.932811780947995,0.4832029452369995
2002-10-31,1.514623506199188,0.8396049712711935,0.200838281522878,0.875856816450875,1.076695097973753,2.189642041127185,0.4379284082254375,0.875856816450875
2002-11-29,1.2833412036929515,0.451418744625967,0.0,1.0930893464724405,2.4473455803503454,0.0,1.5445080910984106,1.805674978503865
2002-12-31,0.7064590590647859,1.61479002123106,2.220220526954696,1.009174311926605,1.715633370991391,5.247743462734486,1.211046215028091,1.211046215028091
2003-01-31,0.4372623574144485,2.8378196358702947,1.47247119078105,2.4005572784558487,0.9816474605207,3.382204738976548,2.346995905609945,0.9816474605207
2003-02-28,0.4668534080298785,1.400560224089635,0.933706816059755,1.400560224089635,1.13156989480926,5.800103975108005,1.0604426442783934,0.6647164867793836
2003-03-31,0.844051446945335,0.4220257234726685,0.4220257234726685,0.844051446945335,0.844051446945335,6.7524115755627,2.11012861736334,0.844051446945335
2003-04-30,1.033316576958755,1.033316576958755,1.45140855719441,1.254275940706955,0.0,5.214236379315254,1.45140855719441,1.254275940706955
2003-05-30,1.113586224476526,1.81893344357172,0.0,2.932519668048251,2.88602531253665,3.387253028941181,0.658852863583597,1.5683195853694558
2003-06-30,0.923889133304,0.4619445666520015,0.4619445666520015,2.486669243775677,3.69555653321601,1.385833699956005,1.847778266608005,0.923889133304
2003-07-31,0.208107129931234,1.584803059699789,0.208107129931234,2.043701702955974,2.251808832887208,3.79392750919328,1.5421186763060701,2.294493216280925
2003-08-29,0.447379633574776,3.050195208662455,0.0,2.6028155750876802,1.07771797075645,1.789518534299105,1.525097604331225,1.525097604331225
2003-09-30,0.1967799642218245,0.874751491053675,0.0,2.18687872763419,1.0715314552754995,2.5804386560778387,1.9462829463291795,1.5089072008023394
2003-10-31,0.0,3.107828111853635,0.389830508474576,2.333575072875972,1.74612532117836,5.83123369320419,1.361702790675271,1.559322033898305
2003-11-28,0.0,0.88691796008869,1.330376940133035,1.330376940133035,1.330376940133035,2.660753880266075,1.228506346083566,2.217294900221725
2003-12-31,0.94262295081967,0.94262295081967,1.6149482350041946,2.5575711858238694,1.6149482350041946,3.29918032786885,0.603041426324065,2.0862597104140295
2004-01-30,0.4365079365079365,1.9419704706487735,0.1959387246170285,3.2514942801725835,4.320448877805482,4.8015873015873,0.87301587301587,3.055555555555555
2004-02-27,0.36238448994383,0.405186385737439,0.5863786307093539,1.620745542949755,0.99156501644679,3.017496945133985,2.56950866360294,0.810372771474875
2004-03-31,0.6046519590027435,0.39437585733882,0.39437585733882,1.3934036736803834,1.3934036736803834,5.36333859305761,0.4205522033278475,0.39437585733882
2004-04-30,0.0,3.531876104141053,0.0,3.3245636276992894,2.752563316326673,2.9349072337920994,0.9866252642561439,1.16896918172157
2004-05-28,0.605075348727476,1.6314990120616895,0.0,1.81522604618242,2.84164970951664,5.553466631277825,1.3399834852104116,2.7118169217611796
2004-06-30,0.417298937784522,1.251896813353565,1.0382261613891064,4.366575297520895,4.162947011700828,4.15290464555644,0.2036282858200665,3.1247208503117165
2004-07-30,0.0,0.592778875516435,0.0,2.836917326555907,1.220865704772475,6.499514440873306,0.6045481934296365,1.220865704772475
2004-08-31,1.376720901126405,0.91781393408427,0.4589069670421355,2.9664962279742944,2.0486822938900198,6.604953848712185,0.91781393408427,0.671961392763615
2004-09-30,0.0,1.8330846417348523,0.0,2.6386503685748375,1.2494721029497504,8.13790429377938,0.2219531880548825,1.208348590259975
2004-10-29,1.12620664998212,0.3754022166607075,0.750804433321415,2.0475360763482,0.3754022166607075,5.80155824295527,0.750804433321415,0.3754022166607075
2004-11-30,0.0,1.24387485865058,0.414624952883528,1.65849981153411,1.24387485865058,2.487749717301165,0.414624952883528,2.07312476441764
2004-12-31,0.415913200723327,1.2799074456703006,0.415913200723327,1.503947967782125,0.83182640144665,2.079566003616635,1.88769332500513,1.2799074456703006
2005-01-31,0.774050866199775,1.161076299299665,0.2078796277964755,1.7559813601960306,1.3689559270961404,3.8989881534919517,0.9819304939962505,1.548101732399555
2005-02-28,0.0,2.718446601941745,1.553398058252425,3.10679611650485,3.7047013728952862,4.66019417475728,1.374604285516646,1.94174757281553
2005-03-31,0.390890550645819,1.7830278514382365,0.0,4.128371155313151,1.954452753229095,4.690686607749825,0.0,1.172671651937455
2005-04-29,0.394736842105263,2.38866396761133,0.2024291497975705,3.178137651821855,2.580971659919025,6.5384615384615,1.3967611336032348,0.394736842105263
2005-05-31,0.0,0.81906180193596,1.235046848435147,3.4826261946106465,2.869943379541473,2.45718540580789,1.6413506766375279,0.81906180193596
2005-06-30,0.404114621601763,1.030003436751912,1.21234386480529,1.61645848640705,3.63703159441587,3.232916972814105,1.069437202246923,0.404114621601763
2005-07-29,0.0,1.042165059071001,0.0,1.66865315852205,2.08581644815256,4.171632896305125,0.832840249250465,0.4171632896305125
2005-08-31,0.669742580576534,1.712583767684285,1.0978885224976018,4.819700031911495,4.819700031911495,9.101159451122195,0.85629188384214,0.85629188384214
2005-09-30,0.0,0.5951002719997545,0.3863716192483315,0.3863716192483315,0.9814718912480831,2.913329987489743,0.9814718912480831,0.0
2005-10-31,0.198262839879154,0.350584307178631,0.0,2.652352990129569,2.652352990129569,1.99712574835198,2.301768682950939,1.05175292153589
2005-11-30,0.3840782122905025,0.768156424581005,3.7363425124833096,2.7469471498492095,1.431873238740295,2.304469273743015,0.0,1.53631284916201
2005-12-30,0.0,1.2263652073404445,2.22810309183016,1.3902931653092194,2.3920310497989394,2.719886965736485,0.388555280819498,1.165665842458495
2006-01-31,0.0,1.006336849095391,0.3918774492340575,3.1883060458929524,5.370275242690514,3.749478993733791,1.56750979693623,0.3918774492340575
2006-02-28,0.73394495412844,0.36697247706422,1.3192580425463714,1.46788990825688,0.73394495412844,1.3192580425463714,0.0,0.36697247706422
2006-03-31,0.2203909543886545,1.49983697424193,0.3749592435604825,3.4404558572611688,2.0951871721910647,2.4701464157515494,1.124877730681445,0.749918487120965
2006-04-28,0.2018570851836895,0.361271676300578,1.4875291992691095,3.857016342256265,3.697601751139375,3.495744665955685,0.5631287614842675,0.722543352601155
2006-05-31,0.0,0.3954607977991745,1.18638239339752,4.160477400574845,1.6504663320577295,2.2093459583259745,1.6504663320577295,1.581843191196695
2006-06-30,0.0,0.8458286513727176,1.0775051467391874,3.75483477121763,4.368986927223875,3.905633936490935,0.23167649536647,0.0
2006-07-31,0.0,1.165371809100995,0.0,1.94228634850166,1.55382907880133,2.330743618201995,1.002236427812682,0.3884572697003325
2006-08-31,0.2487024221453285,2.6165816259888386,1.8272885580410034,4.00603784854407,1.0379954900931636,3.15717227179135,0.643348956119247,0.0
2006-09-29,0.0,1.561338289962825,0.78066914498141,1.561338289962825,0.390334572490706,2.342007434944235,0.9967185276974591,0.390334572490706
2006-10-31,0.0,0.6074815977710255,0.780695528743785,1.171043293115685,0.6074815977710255,1.95173882185947,0.3903477643718945,0.3903477643718945
2006-11-30,0.0,2.2316180344346264,1.0263587210672014,2.2316180344346264,3.07907616320161,1.607012417823225,0.0,0.0
2006-12-29,0.0,0.0,1.4740869522219,1.685393258426965,2.3167835814353848,3.37078651685393,0.4213483146067415,0.84269662921348
2007-01-31,0.0,0.4734458624948535,0.946891724989705,2.1311415511146055,2.367229312474265,3.78756689995883,2.1311415511146055,0.0
2007-02-28,0.871459694989105,1.9624101713653916,3.7085812766234154,1.965661886645205,3.272851429128865,2.61437908496732,0.4389815627743635,1.30718954248366
2007-03-30,2.456270934127275,0.818756978042425,3.076337030886471,1.228135467063635,1.228135467063635,3.076337030886471,1.848201563822831,0.830753704497175
2007-04-30,0.87902888237756,1.9688588087221994,1.318543323566345,3.07660108832147,1.5293443675334195,2.197572205943905,2.1796598526892743,0.87902888237756
2007-05-31,0.0,1.7627944347645665,1.0980513243905705,2.6294108627977217,1.9646677524237255,0.866616428033155,1.299924642049735,0.0
2007-06-29,0.4198320671731305,1.0471330140143094,0.4198320671731305,2.5140980952017493,2.721566974869795,1.8867971483605694,0.4149377593360995,0.2074688796680495
2007-07-31,0.0,0.95944177932839,2.596874095040514,1.439162668992585,1.91888355865678,2.596874095040514,0.0,1.439162668992585
2007-08-31,1.7598193051073003,1.55190030311851,2.6558068391937852,3.1038006062370256,3.967632377257845,1.34398130112972,1.3118255380640604,1.10390653607527
2007-09-28,0.180635838150289,1.206223091594198,2.2930143763843387,1.809334637391295,2.7154900840311487,3.318601629828248,1.206223091594198,0.42247570764681
2007-10-31,0.0,0.6284969671534795,4.196022776950255,1.8880807568577476,3.9873870730315324,3.7761615137155005,1.0483582303882324,1.679445052939025
2007-11-30,0.0,0.8381179876945345,2.7971769815418,1.0371769815418,2.556235975389065,2.8390589938472672,0.3981179876945345,0.44
2007-12-31,0.0,0.8610086100861,0.194120909595119,0.43050430504305,1.916138129767319,0.43050430504305,1.29151291512915,0.8610086100861
2008-01-31,1.94665159505158,2.765188612900885,1.693043798306955,3.44205735922225,7.081752752580785,3.188449562477625,1.100129695898104,0.0
2008-02-29,0.78651685393258,0.78651685393258,3.40242746680075,2.9693484814429474,3.5791464010881406,4.935640616274407,0.78651685393258,0.393258426966292
2008-03-31,0.0,0.0,0.5616954038019955,2.408986044196083,5.010209364115345,3.147902300353718,1.1233908076039916,0.738916256157635
2008-04-30,0.0,1.6412861655227176,2.9264700325669657,3.2825723310454404,2.64801937882769,3.2825723310454404,0.71220459695694,0.71220459695694
2008-05-30,0.0,1.412973667308925,0.2182972812065885,4.23892100192678,1.2780275316882834,5.46535354358036,0.9247841148610485,1.059730250481695
2008-06-30,0.0,1.068883610451305,1.068883610451305,4.078381840071225,2.573632725261265,3.998810872529675,1.425178147268405,0.7125890736342
2008-07-31,1.11650485436893,1.488673139158575,1.11650485436893,2.1085794678947947,1.7364111831051496,3.4728223662102997,1.3642428983155046,0.744336569579285
2008-08-29,1.432469304229195,1.074351978171895,2.86493860845839,2.2433680015672137,1.6588599898695569,3.185993339322175,1.5271333494526191,0.716234652114595
2008-09-30,0.731139913592555,0.3655699567962775,0.820585468688728,1.779233138227505,5.792714926574975,3.0140052094663954,1.6897875831313351,0.3655699567962775
2008-10-31,1.4776742691937,2.955348538387405,1.108255701895275,1.7695552993650852,6.857787998303745,3.46766276771539,2.579840264976715,1.108255701895275
2008-11-28,0.795544948289575,0.78142871815016,0.1918281220026855,0.9873730702922605,1.974746140584526,2.784407319013525,1.754685558303,0.397772474144789
2008-12-31,1.119701675064823,0.4409509202453985,3.562256110865846,1.119701675064823,2.883505356046418,4.206358116782614,2.477203184703675,0.4409509202453985
2009-01-30,1.062606731562057,3.0296327848096247,2.317359583273087,2.125213463124119,2.351318293545495,0.0,2.351318293545495,0.83650190114068
2009-02-27,0.2154243860404995,2.1823795394629997,2.1823795394629997,2.3978039255034993,1.255088574846495,8.0832449997305,2.435261666899995,0.3933910306845
2009-03-31,1.208348590259975,1.0254777620259103,0.0,2.0509555240518207,2.6366092157058807,2.0509555240518207,0.805565726839985,0.4027828634199925
2009-04-30,0.0,0.6265718602619235,1.2531437205238476,1.5850144092219,4.091301850269595,1.5850144092219,1.6493973228293226,0.396253602305475
2009-05-29,0.6099000676425914,0.208830548926014,2.4230086914349136,3.0329087590775052,3.2251477288680683,2.8240782101514936,4.219525736091784,0.802139037433155
2009-06-30,0.0,0.871632329635495,0.4358161648177495,0.2511989038593285,0.871632329635495,2.6814786318074004,0.9382139725364045,0.4358161648177495
2009-07-31,0.430389221556886,1.72155688622754,0.86077844311377,1.72155688622754,1.6178554674719,2.0482446890287846,4.022160583375705,1.291167664670655
2009-08-31,0.4220257234726685,1.0794246816460744,0.2353732347007395,3.1895532990094195,2.53215434083601,0.657398958173408,2.39422259799289,0.4220257234726685
2009-09-30,1.1071574455545115,1.292596944770855,1.8434358926763301,0.861731296513905,2.2143148911090234,2.6451805393659735,4.3686431323937835,0.861731296513905
2009-10-30,0.806747341400805,5.95491137133532,1.4471388961779124,2.4909041216554297,2.420242024202415,6.287622944582758,2.89427779235583,1.210121012101205
2009-11-30,0.4380475594493115,1.1026045214746265,0.6595665467910835,1.314142678347935,2.633275771930099,3.297832733955415,4.173927852854041,1.314142678347935
2009-12-31,0.249511824690822,1.169143971831962,0.4990236493816445,2.12798369478418,3.5074319154958946,3.5074319154958946,2.377495519475,0.4598160735705715
2010-01-29,0.87902888237756,1.9837671370681085,0.2257093723129835,1.758057764755125,2.648990950569872,1.5442526958793286,2.672799557444245,1.318543323566345
2010-02-26,0.0,1.961093620437328,1.29087779690189,1.100508422502733,2.25057069517444,2.871232668540895,3.97174109104363,1.29087779690189
2010-03-31,0.842182350787255,0.842182350787255,2.4575605778631697,0.678823134156515,1.357646268313025,0.51546391752577,1.778737443706655,0.4210911753936285
2010-04-30,0.907513936325831,2.2716049299697456,1.4636725025000406,1.7154463637955302,3.1791188662955747,3.1791188662955747,3.430892727591065,0.0
2010-05-28,0.0,1.143129316503926,0.339366515837104,1.143129316503926,0.678733031674205,0.678733031674205,2.518456775422715,0.339366515837104
2010-06-30,0.52219321148825,0.6342309341023336,1.2684618682046649,1.00736526246054,3.13413350999571,0.6342309341023336,2.38786485327929,0.3731343283582085
2010-07-30,0.904866570543589,2.947271920818305,1.021202675137355,2.305248838924655,2.188912734330885,1.779561861624775,2.568092327574595,1.137538779731125
2010-08-31,0.783754898468115,1.047607141212178,0.6557296919781205,2.750943974402475,1.439484590446233,0.783754898468115,3.014796217146535,0.3918774492340575
2010-09-30,0.75059706584783,1.12589559877175,0.0,1.501194131695665,2.99503444078674,1.501194131695665,2.244437374938905,0.3752985329239165
2010-10-29,0.0,0.66266961186494,1.1173134741727986,1.0133005993942554,2.234626948345595,1.4486482801052685,2.357936004720985,0.3313348059324705
2010-11-30,0.3988397389412615,0.648896570039238,1.196519216823785,0.79767947788252,1.196519216823785,1.196519216823785,0.79767947788252,0.3988397389412615
2010-12-31,1.1083659282889615,0.84496693607641,2.375816332403587,2.112417340191035,2.216731856577925,1.63516391271406,1.26745040411462,0.84496693607641
2011-01-31,0.3897550111358575,1.7956131044803385,0.3897550111358575,3.438064257761725,3.2014711978248167,3.2014711978248167,3.284902306562775,0.779510022271715
2011-02-28,0.24588148512417,0.390625,1.171875,2.44488797024834,1.66363797024834,3.86264445537251,0.8823879702483399,0.390625
2011-03-31,0.739312118289935,0.6183047077936175,1.3576168260835535,0.6183047077936175,1.6128993023882092,2.345577593022142,0.745945945945945,0.0
2011-04-29,0.0,1.9098505272344228,0.954925263617209,2.50665846479433,2.02911442418235,1.7904238126797352,2.38723175023965,0.716234652114595
2011-05-31,1.0143727743605715,0.773830460780865,1.882372631910415,2.509830175880555,0.867999857549846,2.603999572649535,1.6418303183307086,0.2405423135797065
2011-06-30,1.367777648737819,0.371245359433007,3.6148837977862405,0.74249071886601,1.8758607896154151,2.012698571060005,2.36430993804263,0.371245359433007
2011-07-29,1.6487414039934487,1.018959286133119,0.0,1.16753150481838,1.1109920170353946,2.964845127497094,2.0379185722662436,0.778354336545585
2011-08-31,0.8130081300813,0.40650406504065,1.7781714129990451,1.092337739019847,2.87050915201889,2.87050915201889,2.6161602398146853,0.40650406504065
2011-09-30,1.033895911431935,0.8938323778265209,0.391319815012451,1.425215726444385,0.8938323778265209,0.642576096419486,1.396344940640591,0.391319815012451
2011-10-31,0.8285191039827265,0.748930099857345,0.0,1.9519142537687437,2.0993522766703916,2.0993522766703916,2.6329953348498254,0.374465049928673
2011-11-30,0.831443688586545,0.6694118811936416,1.33882376238728,0.4157218442932725,0.831443688586545,2.585989295267095,1.84620383618802,0.4157218442932725
2011-12-30,1.31906180193596,0.25,0.909530900967982,1.478592702903945,1.06906180193596,1.478592702903945,3.45718540580789,0.0
2012-01-31,0.4242190512919395,1.9425764508680006,1.0941383482841205,1.0941383482841205,1.58553883968461,1.5183573995760604,0.9156195426924305,0.4242190512919395
2012-02-29,0.257163850110213,1.1855294052202245,1.499277414778978,0.4140378548895895,1.75644126488919,2.484227129337535,1.3424034099996,0.4140378548895895
2012-03-30,1.008691908775216,1.51567344126765,0.757836720633825,1.13675508095074,1.51567344126765,2.7752205381842603,2.26823900569182,0.757836720633825
2012-04-30,0.3938484621155285,0.787696924231055,1.181545386346585,0.3938484621155285,0.787696924231055,1.4317240854173496,2.07575124660364,0.3938484621155285
2012-05-31,0.405072208524128,1.0737245224802971,0.405072208524128,0.0,1.4787967310044219,2.288941148052682,2.411029150392635,0.0
2012-06-29,0.3954802259887005,0.3954802259887005,0.3954802259887005,0.7909604519774,1.045629382367892,2.232070060333992,1.69577853874708,0.0
2012-07-31,0.0,2.24898323998709,0.425531914893617,1.397919410199855,2.67451515488071,0.9723874953062421,2.3703069055061,0.425531914893617
2012-08-31,1.403853147146995,1.5578997778905794,1.28395980647562,2.139933010792705,4.12581939084183,0.85597320431708,1.9858863800491195,0.0
2012-09-28,0.0,2.2284251434211284,1.60384923817161,2.2284251434211284,2.721917216704705,0.84818950095614,4.102152859169696,0.801924619085805
2012-10-31,0.6581888389190536,0.4062168844931115,1.470622607905277,0.50394390885188,0.4062168844931115,0.4062168844931115,0.50394390885188,0.0
2012-11-30,1.694262610704655,1.8201520926145949,1.694262610704655,1.7572073516596265,1.27069695802849,1.27069695802849,2.1807730043357916,0.4235656526761645
2012-12-31,2.13241267262388,1.098120334050717,0.916793064527111,2.13241267262388,1.524602868575497,0.0,2.505223928580165,0.0
2013-01-31,0.437595129375951,1.69156508127911,1.253969951903161,2.29463039918861,2.566755340031015,0.272124940842404,2.83888028087342,0.0
2013-02-28,0.482392667631452,1.077666430009786,0.241196333815726,0.83647009619406,2.155332860019572,0.241196333815726,1.4959014781068158,0.0
2013-03-28,0.6031356843187345,0.6031356843187345,0.7548526240115,0.0,0.6031356843187345,1.7354146203359835,0.377426312005751,0.0
2013-04-30,0.3928571428571425,1.2969854918495352,0.0,1.2969854918495352,0.51127120613525,1.57142857142857,1.689842634706675,0.0
2013-05-31,0.0,1.22601279317697,2.153168845967245,1.22601279317697,2.41241140683289,0.4086709310589905,1.744497914908255,0.4086709310589905
2013-06-28,0.797335537499257,0.5825589051968515,1.103346818683335,3.924906695785915,4.3221526258516745,0.3677822728944465,2.5450122530898103,0.214776632302405
2013-07-31,0.85820895522388,1.28731343283582,2.8323010758441693,0.42910447761194,2.489440540965345,1.1158831653964094,2.318010273525935,0.42910447761194
2013-08-30,0.80882352941176,2.1250271326242602,0.404411764705882,1.52214022140221,2.632407206425,1.569893640112865,1.3162036032124949,0.658101801606251
2013-09-30,0.0,0.419329073482428,1.25798722044728,0.647193656815761,1.94158097044728,0.0,1.750116480298185,0.0
2013-10-31,0.0,1.6893527140474875,0.4668155063933425,1.51524806469277,2.15616822044083,0.640920155748053,1.1077356621413919,0.407512402551382
2013-11-29,0.808314087759815,0.6262852435837365,0.6262852435837365,1.4746986868713,0.8484134432875654,1.0304422874636439,0.666384599111485,0.0
2013-12-31,0.0,1.6141846148502355,1.1537409145572255,2.5350720154362554,4.382110144257705,0.0,2.5350720154362554,0.0
2014-01-31,0.924437299035365,1.9129717380267302,0.924437299035365,2.8374090370621,3.1646640717549452,1.187595193772207,2.439287527500415,0.4622186495176845
2014-02-28,0.0,0.765501403419235,1.611525092082515,1.356357957609435,1.5242026674679994,0.0,0.2551671344730795,0.423011844331641
2014-03-31,0.789770590447535,0.0,0.62540121179896,1.184655885671305,0.62540121179896,0.0,1.645687718821689,0.394885295223768
2014-04-30,0.995925758261655,0.8,2.497962879130828,0.4,2.74694431869624,1.048981439565414,1.448981439565414,0.0
2014-05-30,0.0,1.95373399261906,0.81511670989255,0.2436863092600795,2.19742030187914,1.630233419785105,0.731058927780235,0.407558354946276
2014-06-30,1.7193436309943,1.4814641565946625,0.4145282273983415,2.3105206113913423,2.54840008579098,1.243584682195025,1.0669359291963174,0.0
2014-07-31,1.07854630715123,1.5789344895012776,0.975705791146772,3.157868979002555,2.55464028064805,1.5789344895012776,1.1425018519301227,0.0
2014-08-29,0.889836846772728,1.9416916863440599,1.0518548395713305,1.0518548395713305,2.103709679142666,0.889836846772728,0.485212569316081,0.404624277456647
2014-09-30,0.432050274941084,1.110185561067847,0.246085011185682,2.4664561333213797,2.4664561333213797,0.246085011185682,0.678135286126766,0.0
2014-10-31,0.479866471938243,1.9720683104481949,0.4174228675136115,2.389491177961805,2.034511914872825,2.3270475735371763,2.6294244139309297,0.0
2014-11-28,0.85046046126908,0.8302200083022,0.4151100041511,1.87811524516339,1.46300524101229,1.68068046957128,1.2453300124533,0.0
2014-12-31,0.471311475409836,0.7336888425099954,2.1476232687394994,1.2050003179198294,3.823935062069165,3.35262358665933,0.996066209610151,0.94262295081967
2015-01-30,0.2570093457943925,0.445705024311183,0.2570093457943925,0.959723715899968,1.6624380860055399,3.256562504733485,0.771028037383175,0.891410048622365
2015-02-27,0.0,0.4312203536006895,0.4312203536006895,2.282291807218275,2.035134120614225,2.96066984742302,1.3567560804094816,0.862440707201375
2015-03-31,0.4313725490196075,0.4313725490196075,0.906021955707849,1.5314423504029406,2.43746430611079,3.256932546481375,0.906021955707849,0.0
2015-04-30,0.0,2.48868778280543,0.50609615827007,1.9121732676719856,4.58349077274908,2.67131750507709,1.58870683167358,0.0
2015-05-29,0.417329093799682,0.417329093799682,0.883270962004696,1.300600055804374,2.83417104571126,1.484958215501552,0.650300027902189,0.417329093799682
2015-06-30,0.0,3.8772324406258347,1.540673554621587,1.70807453416149,1.967692188161962,1.281055900621115,1.540673554621587,0.259617654000472
2015-07-31,0.414691943127962,1.7317674225097555,0.414691943127962,1.90261356907478,2.634150958763585,1.90261356907478,1.073229682818855,1.244075829383885
2015-08-31,0.0,0.87100788054749,0.0,1.306511820821235,1.3960078805474851,1.306511820821235,0.6980039402737446,0.87100788054749
2015-09-30,0.681325708513567,1.30868300789364,1.7988790863250124,0.436227669297881,2.480204794838575,0.9264237477292534,1.553781047109326,0.436227669297881
2015-10-30,0.0,1.8619140485156298,0.2260495156081805,0.620638016171878,1.0152265167355754,1.8619140485156298,0.2260495156081805,0.3945885005636975
2015-11-30,0.0,1.141763698021844,0.4518072289156625,2.045378155853169,3.4007998426001538,0.6899564691061815,1.3799129382123634,0.4518072289156625
2015-12-31,0.0,0.975816716164615,1.237239766857954,1.95163343232923,3.188873199187184,1.49866281755129,0.7493314087756464,0.0
2016-01-29,0.689541457501758,1.5877450503161274,0.89820359281437,1.5877450503161274,3.1754901006322553,2.9986054911016,1.1704207796909005,1.347305389221555
2016-02-29,0.4551365409622885,1.365409622886865,1.82054616384915,1.365409622886865,1.365409622886865,2.73081924577373,0.2531950807812875,1.365409622886865
2016-03-31,0.0,0.9453192450759649,0.0,1.132063292262754,1.63778009085554,1.571665738745934,0.9453192450759649,0.87920489296636
2016-04-29,1.236263736263735,2.1551084051084,1.077554202554198,0.253378378378378,2.1551084051084,1.489642114642113,0.506756756756755,0.412087912087912
2016-05-31,0.915903413821815,1.37385512073272,0.7173856691750584,0.915903413821815,1.37385512073272,2.289758534554535,0.915903413821815,0.0
2016-06-30,0.0,0.0,0.0,0.0,0.56338028169014,0.28169014084507,0.0,0.0
2016-07-29,0.0,0.7974282158247235,1.067615658362985,0.7974282158247235,1.3312360450062184,0.53380782918149,1.3312360450062184,1.067615658362985
2016-08-31,0.8039407734903365,0.3366510538641685,0.467289719626168,0.8039407734903365,2.075171266606835,1.2712304931165035,0.3366510538641685,1.4018691588785
2016-09-30,0.0,0.720668813195503,0.2857142857142855,0.4349545274812175,0.869909054962435,1.1556233406767205,0.4349545274812175,0.4349545274812175
2016-10-31,0.405875531503672,1.8850214286298774,0.0,2.552416262748745,2.6967724916372227,2.02937765751836,1.334789668237725,0.0
2016-11-30,0.0,0.7785169783219941,0.975177304964535,1.2661056308042595,1.5570339566439801,2.823139587448245,0.975177304964535,0.4875886524822695
2016-12-30,0.0,1.07264748902974,0.53632374451487,2.73908715079902,2.4421910644292506,0.8332198308846405,1.13011591725441,2.68161872257435
2017-01-31,0.0,0.552208835341365,0.286682303883242,4.152144151272797,2.20883534136546,0.838891139224607,2.20883534136546,0.0
2017-02-28,0.0,0.53821313240043,0.0,0.8217402092362676,1.07642626480086,1.3599533416366976,0.2835270768358375,0.53821313240043
2017-03-31,0.285856326124782,1.849772917239922,0.52130553037171,3.4136895083550622,2.08522212148685,1.3284673868682069,0.285856326124782,0.52130553037171
2017-04-28,0.0,0.960614793467815,0.4803073967339095,1.921229586935635,1.49097809232753,0.265181649429859,0.7454890461637684,0.960614793467815
2017-05-31,0.0,1.3055751885216171,1.3055751885216171,0.5099675475197,2.325510283561022,0.795607641001912,0.795607641001912,0.5099675475197
2017-06-30,1.089254048711968,1.288540459883486,0.0,0.991884580703335,2.6744503877756003,0.0,0.495942290351668,0.0
2017-07-31,0.0,1.575,0.0,1.6291505791505752,0.2895752895752895,0.8145752895752845,0.8145752895752845,1.05
2017-08-31,0.555019305019305,1.764749683195455,0.0,1.20973037817615,2.31976898821476,1.992413451636338,0.555019305019305,0.0
2017-09-29,0.50408065290446,2.6012808288880453,0.292479108635097,1.51224195871339,2.016322611617855,1.300640414444022,0.50408065290446,0.50408065290446
2017-10-31,0.506445672191525,0.506445672191525,0.7905365812824341,1.012891344383055,2.309873597857019,0.506445672191525,1.012891344383055,0.506445672191525
2017-11-30,0.0,1.100550275137565,0.0,1.44048285270231,4.23505521306647,0.84701104261329,2.584229800360115,0.55027513756878
2017-12-29,0.4834254143646405,0.686128117067343,0.96685082872928,1.6529789457966224,1.45027624309392,0.686128117067343,0.8888308197700454,0.0
2018-01-31,0.4993191103041305,1.49795733091239,0.4993191103041305,1.99727644121652,2.9341452730799182,0.875099443118535,2.15428191325129,0.0
2018-02-28,0.0,0.0,0.87476979742173,2.586672021431455,2.349160886659155,0.6372586626494305,1.711902224009725,0.0
2018-03-29,0.88424437299035,2.4166806214979855,0.2060696890221055,1.0903140620124554,2.21061093247588,0.648191875517282,0.0,0.88424437299035
2018-04-30,0.4545454545454545,0.0,0.4545454545454545,1.5584921703393995,1.1039467157939444,0.0,1.5584921703393995,0.0
2018-05-31,0.214424951267056,2.0811833505331903,0.214424951267056,0.6937277835110645,0.214424951267056,0.214424951267056,0.958605664488015,0.0
2018-06-29,0.0,1.5369069643344515,0.88907705334462,1.33361558001693,2.83256678631412,1.33361558001693,2.4259840176790766,0.0
2018-07-31,0.0,1.6767796011919405,0.4879182156133825,3.1405342480320906,2.1646978168053255,1.889804555543736,0.4879182156133825,0.4879182156133825
2018-08-31,0.0,2.185682185956458,0.488671701466015,3.163025588888488,1.95468680586406,1.208338783024428,0.488671701466015,0.97734340293203
2018-09-28,0.0,2.0593118054816943,0.1988466892026245,1.3953488372093,1.3953488372093,0.6639629682723915,0.465116279069767,0.465116279069767
2018-10-31,0.0,2.5961580735436693,1.43042912873862,2.1193483639641295,1.6425386543845895,0.4768097095795405,2.543567415256065,0.0
2018-11-30,0.4823151125401925,1.178610253611055,0.964630225080385,3.05351564829297,2.57120053575278,1.3925902821417255,2.14324047869144,0.4823151125401925
2018-12-31,0.0,0.0,0.209819555182543,0.209819555182543,0.0,0.481231953801732,1.924927815206925,0.0
