date,dp,dy,ep,de,rvol,bm,ntis,tbl,lty,ltr,tms,dfy,dfr,infl
1985-01-31,-3.16627027601404,-3.0948010027216606,-2.3841083260439224,-0.7821619499701176,0.0016358537,0.6902554458,-0.0299050052,0.0776,0.1127,0.0364,0.03509999999999999,0.011799999999999991,-0.0039000000000000007,0.0018993352
1985-02-28,-3.169202999417874,-3.1605559747506016,-2.397805316029988,-0.7713976833878862,0.0007453029,0.6917391609,-0.0245189175,0.0827,0.1209,-0.0493,0.0382,0.010999999999999996,0.011999999999999997,0.0047393365
1985-03-29,-3.1606048279691974,-3.1635342206955164,-2.399945418965959,-0.7606594090032384,0.0008022605,0.7236457791,-0.0248157693,0.0852,0.1181,0.0307,0.0329,0.011300000000000004,-0.012800000000000002,0.0037735849
1985-04-30,-3.152520397500262,-3.157125249044854,-2.4113310680399884,-0.7411893294602736,0.0004598982,0.7286615901,-0.022411793,0.0795,0.1162,0.0242,0.036699999999999997,0.012799999999999992,0.005400000000000002,0.0046992481
1985-05-31,-3.2017067303954363,-3.1490658486101983,-2.480222307424026,-0.7214844229714101,0.0008338607,0.6968929839,-0.0254809306,0.0748,0.1062,0.0896,0.0314,0.014300000000000007,-0.007599999999999996,0.0037418148
1985-06-28,-3.2103121290913257,-3.1982511543607077,-2.508802082165621,-0.7015100469257045,0.0007415227,0.6864301439,-0.0266075139,0.0695,0.1055,0.0142,0.03599999999999999,0.014600000000000002,-0.005900000000000001,0.0027958993
1985-07-31,-3.2011597074973737,-3.2060190320526396,-2.512092468400805,-0.6890672390965689,0.0007186333,0.6803220899,-0.024638663,0.0708,0.1091,-0.018,0.0383,0.014599999999999988,0.005899999999999999,0.0018587361
1985-08-30,-3.1848050850104626,-3.196872152790525,-2.5082355634703317,-0.6765695215401308,0.0006297046,0.687176258,-0.0242274732,0.0714,0.1068,0.0259,0.0354,0.014499999999999999,9.99999999999994e-05,0.0018552876
1985-09-30,-3.14520731657565,-3.180548589995317,-2.4811789840308958,-0.664028332544754,0.0008658483,0.6899588298,-0.0312943542,0.071,0.1082,-0.0021,0.03720000000000001,0.014099999999999988,0.0092,0.0027777778
1985-10-31,-3.1842896482612306,-3.142659544496851,-2.536473925441161,-0.6478157228200696,0.0009117579,0.6670256347,-0.0270693422,0.0716,0.1051,0.0338,0.0335,0.013399999999999995,-0.000899999999999998,0.0036934441
1985-11-29,-3.2447810237564476,-3.181748350832558,-2.613354004618177,-0.6314270191382705,0.0009430719,0.622703158,-0.027715873,0.0724,0.1011,0.0401,0.02869999999999999,0.01440000000000001,-0.0030999999999999986,0.0027598896
1985-12-31,-3.286321508515901,-3.2422461681532595,-2.671478042226269,-0.6148434662896318,0.001230101,0.5926926882,-0.0194650815,0.071,0.0956,0.0541,0.02460000000000001,0.014200000000000004,-0.007200000000000005,0.0027522936
1986-01-31,-3.283634724743264,-3.2812709927298327,-2.675897273421796,-0.607737451321468,0.0019201437,0.5835173999,-0.0191717774,0.0707,0.0958,-0.0025,0.025099999999999997,0.013899999999999996,0.006999999999999999,0.0027447392
1986-02-28,-3.3476591209966493,-3.278609588540591,-2.747006538840865,-0.6006525821557842,0.0010893091,0.5363767217,-0.0179142569,0.0706,0.0841,0.1145,0.013499999999999998,0.01440000000000001,-0.0393,-0.0027372263
1986-03-31,-3.394106632453341,-3.3426591105799437,-2.800518044935114,-0.593588587518227,0.0013737528,0.5196276277,-0.0164196221,0.0656,0.0766,0.077,0.010999999999999996,0.015,-0.0514,-0.0045745654
1986-04-30,-3.376533766045745,-3.390782984836997,-2.781918797121896,-0.5946149689238487,0.0024589753,0.5297144587,-0.0245847833,0.0606,0.0782,-0.008,0.017600000000000005,0.013999999999999999,0.009600000000000001,-0.0018382353
1986-05-30,-3.4222420170445624,-3.3732335149113566,-2.826589283557275,-0.5956527334872876,0.0013699394,0.5035407708,-0.0218719553,0.0615,0.0848,-0.0505,0.0233,0.01200000000000001,0.034100000000000005,0.0027624309
1986-06-30,-3.432951223996427,-3.4189402759953245,-2.836287751061474,-0.5966634729349529,0.0015965679,0.4992814574,-0.0122932373,0.0621,0.079,0.0613,0.0169,0.0121,-0.0395,0.0055096419
1986-07-31,-3.3671446471072026,-3.427619782409534,-2.7726429334330507,-0.5945017136741519,0.0024158617,0.5323014009,-0.0112860333,0.0583,0.0809,-0.0108,0.022600000000000002,0.012799999999999992,0.013900000000000001,0.0
1986-08-29,-3.430601884338913,-3.361829264108708,-2.8382626417144303,-0.5923392426244827,0.0012606214,0.497803344,-0.0096769523,0.0553,0.0763,0.0499,0.021000000000000005,0.014600000000000002,-0.0224,0.001826484
1986-09-30,-3.3360160186010392,-3.4253267559137153,-2.745802168041309,-0.5902138505597301,0.0042073784,0.5346292671,-0.0051386604,0.0521,0.0827,-0.05,0.030599999999999995,0.013099999999999987,0.0386,0.0045578851
1986-10-31,-3.3872731343953415,-3.3339889129647675,-2.8074240819316594,-0.5798490524636821,0.0009906128,0.5032458023,-0.0080245039,0.0518,0.0803,0.0289,0.028499999999999998,0.013800000000000007,-0.009999999999999998,0.000907441
1986-11-28,-3.4065120170284997,-3.3852622312343694,-2.8370885099435146,-0.5694235070849851,0.0017308775,0.4936710845,-0.0021244383,0.0535,0.0779,0.0267,0.024399999999999998,0.013899999999999996,-0.0034000000000000002,0.0009066183
1986-12-31,-3.375796990475242,-3.4044930721175537,-2.81687157191484,-0.5589254185604022,0.0012623237,0.4984308658,-0.0113759993,0.0553,0.0789,-0.0018,0.023599999999999996,0.014799999999999994,0.0135,0.0009057971
1987-01-30,-3.497164519773257,-3.373384444069858,-2.926477712239978,-0.5706868075332792,0.0024782853,0.4378973513,-0.0058406587,0.0543,0.0778,0.0161,0.023499999999999993,0.013600000000000001,0.005500000000000001,0.0063348416
1987-02-27,-3.531015960829883,-3.494757779742692,-2.9487667682704837,-0.5822491925593991,0.0014122642,0.4249119825,-0.0045059361,0.0559,0.0763,0.0202,0.02040000000000001,0.012700000000000003,-0.0144,0.0035971223
1987-03-31,-3.5546626605030203,-3.5286149992923446,-2.961031133052797,-0.5936315274502233,0.001971102,0.4280402137,-0.0022174302,0.0559,0.0795,-0.0223,0.023600000000000003,0.012500000000000011,0.013600000000000001,0.0044802867
1987-04-30,-3.53597799368711,-3.547494171024408,-2.9646420403500797,-0.5713359533370301,0.0041938375,0.4314718592,0.0044930045,0.0564,0.0859,-0.0473,0.029500000000000005,0.011900000000000008,-0.0029,0.005352364
1987-05-29,-3.5348765175092263,-3.5288605259182457,-2.9860106370109154,-0.5488658804983109,0.002489211,0.4304908862,0.0069409582,0.0566,0.088,-0.0105,0.0314,0.011800000000000005,0.005300000000000001,0.0035492458
1987-06-30,-3.5746113605649974,-3.527809350286134,-3.048411569549419,-0.5261997910155785,0.0010703865,0.4078923974,0.0052024616,0.0567,0.0877,0.0098,0.031,0.011999999999999997,0.0057,0.0035366932
1987-07-31,-3.6162421093862847,-3.5691451071301437,-3.0627634907109496,-0.5534786186753351,0.0008181618,0.3835432162,0.0018821969,0.0569,0.0907,-0.0178,0.033800000000000004,0.011899999999999994,0.005899999999999999,0.0026431718
1987-08-31,-3.645178889855736,-3.6108171833926,-3.0654184460480005,-0.5797604438077353,0.001776142,0.37045382,0.0019974361,0.0604,0.0936,-0.0165,0.0332,0.011300000000000004,0.009000000000000001,0.0052724077
1987-09-30,-3.6153087332446687,-3.6397716875511548,-3.0102232396123108,-0.605085493632358,0.0025348271,0.3799667216,0.0063503319,0.064,0.0992,-0.0369,0.035199999999999995,0.011300000000000004,-0.005299999999999999,0.0052447552
1987-10-30,-3.3641236158984342,-3.609551664954601,-2.7309056187756764,-0.6332179971227578,0.0709451038,0.4948508425,0.0104777401,0.0613,0.0926,0.0623,0.0313,0.010999999999999996,-0.0116,0.0026086957
1987-11-30,-3.2691869018783395,-3.358399501814546,-2.6089203016843836,-0.6602666001939559,0.0067855095,0.538027324,0.0098984399,0.0569,0.0931,0.0037,0.0362,0.012200000000000003,0.0088,0.0008673027
1987-12-31,-3.33382473087961,-3.2634953668785514,-2.6475112898982296,-0.6863134409813805,0.006852202,0.5088120155,0.013274756,0.0577,0.092,0.0165,0.0343,0.011800000000000005,0.004699999999999999,0.0
1988-01-29,-3.3681741866094006,-3.3285379360879617,-2.6666000925320086,-0.701574094077392,0.0091575845,0.5037738354,0.0084227445,0.0581,0.0852,0.0666,0.0271,0.011900000000000008,-0.014900000000000004,0.0025996534
1988-02-29,-3.403893118536805,-3.362926426818522,-2.6874275610592147,-0.7164655574775902,0.0019673518,0.4761973721,0.0087922636,0.0566,0.0854,0.0052,0.028800000000000006,0.012200000000000003,0.0086,0.0025929127
1988-03-31,-3.3647497287730466,-3.3986615807806557,-2.633779459326458,-0.7309702694465887,0.0016591879,0.5075299538,0.0060800302,0.057,0.0901,-0.0307,0.0331,0.011800000000000005,0.0119,0.0043103448
1988-04-29,-3.363759824459478,-3.3543791090203787,-2.5894027322268336,-0.7743570922326444,0.0034595789,0.4964744899,0.0050636719,0.0591,0.0929,-0.016,0.0338,0.012300000000000005,0.0011000000000000003,0.0051502146
1988-05-31,-3.3566557344470906,-3.3534847065554416,-2.5415641928363066,-0.815091541610784,0.0025557475,0.4967702548,0.0013473054,0.0626,0.0952,-0.0102,0.032600000000000004,0.011399999999999993,0.0045000000000000005,0.0034158839
1988-06-30,-3.388842573347275,-3.346495955875798,-2.535372806313768,-0.853469767033507,0.0023613319,0.4711188723,-0.0053979214,0.0646,0.0917,0.0368,0.0271,0.011400000000000007,0.0011000000000000038,0.0042553191
1988-07-29,-3.3751410221230684,-3.380567050980497,-2.513774609178307,-0.8613664129447614,0.0019106231,0.4739915349,-0.0028231284,0.0673,0.0947,-0.017,0.027400000000000008,0.01150000000000001,0.005900000000000001,0.0042372881
1988-08-31,-3.327579248902544,-3.366944079491196,-2.4584905234875607,-0.8690887254149833,0.0013903256,0.4966406615,-0.0062397522,0.0706,0.095,0.0058,0.024400000000000005,0.01100000000000001,-0.0003999999999999993,0.0042194093
1988-09-30,-3.3583987461256246,-3.3194383793521682,-2.4817854913249597,-0.8766132548006649,0.0011927511,0.4775404537,-0.0100015137,0.0724,0.0917,0.0345,0.019299999999999998,0.010800000000000004,-0.0019000000000000059,0.0067226891
1988-10-31,-3.373861769970614,-3.3482286500018104,-2.4925711769725534,-0.8812905929980608,0.0016315103,0.4695971889,-0.0104624725,0.0735,0.0889,0.0308,0.015400000000000011,0.008999999999999994,-0.0034999999999999996,0.0033388982
1988-11-30,-3.344732790241863,-3.363804423353445,-2.458869334543814,-0.8858634556980491,0.001348001,0.4771791101,-0.0077649556,0.0776,0.0923,-0.0196,0.01469999999999999,0.010300000000000004,0.002700000000000001,0.0008319468
1988-12-30,-3.3493461268753166,-3.3347653310368774,-2.459030881404422,-0.8903152454708945,0.000628121,0.465283574,-0.0214057475,0.0807,0.0918,0.011,0.011100000000000013,0.010800000000000004,-0.0070999999999999995,0.0016625104
1989-01-31,-3.409162593034201,-3.340462625354452,-2.5108923628387165,-0.8982702301954846,0.0009645843,0.4307694935,-0.0223605106,0.0827,0.0903,0.0203,0.0076000000000000095,0.010300000000000004,-9.99999999999994e-05,0.0049792531
1989-02-28,-3.3709860758434664,-3.400357313735267,-2.4649574122426876,-0.9060286636007788,0.0011760704,0.4467784572,-0.024823372,0.0853,0.0935,-0.0179,0.008199999999999999,0.0097,0.004999999999999999,0.0041288192
1989-03-31,-3.3828500928093015,-3.3622576532356745,-2.4692600377454212,-0.9135900550638802,0.0012864514,0.4686914136,-0.0231021339,0.0882,0.0929,0.0122,0.004699999999999996,0.0087,-0.0058000000000000005,0.0057565789
1989-04-28,-3.419909014075921,-3.371033262986056,-2.5146682500106037,-0.9052407640653173,0.0009556104,0.4444352572,-0.0228019666,0.0865,0.0918,0.0159,0.005300000000000013,0.008199999999999999,0.0053999999999999986,0.0065412919
1989-05-31,-3.442764537060444,-3.408230192487087,-2.545751016824896,-0.8970135202355483,0.0010730567,0.4334415257,-0.0280362535,0.0843,0.0878,0.0401,0.003500000000000003,0.008900000000000005,-0.0021999999999999936,0.0056864338
1989-06-30,-3.4232643481106444,-3.4312205372999514,-2.5343511571837896,-0.8889131909268548,0.0014295365,0.440562937,-0.0239366405,0.0815,0.0821,0.055,0.0006000000000000033,0.009300000000000003,-0.0155,0.0024232633
1989-07-31,-3.4962475397965425,-3.4115660653123574,-2.6394619422042296,-0.8567855975923129,0.0010188229,0.404035089,-0.0285255915,0.0788,0.0801,0.0238,0.0013000000000000095,0.009399999999999992,-0.006000000000000002,0.0024174053
1989-08-31,-3.5000820173464207,-3.484684525929255,-2.675714820459273,-0.8243671968871475,0.0013804584,0.3927270602,-0.0248117061,0.079,0.0841,-0.0259,0.005099999999999993,0.0092,0.009600000000000001,0.001607717
1989-09-29,-3.4820853555374076,-3.488651179867277,-2.6904486111213504,-0.7916367444160572,0.0005502051,0.3992097504,-0.0257365885,0.0775,0.0847,0.0019,0.007199999999999998,0.008999999999999994,0.0021000000000000003,0.0032102729
1989-10-31,-3.446668638302202,-3.47216638661289,-2.67655443794908,-0.7701142003531221,0.0056359504,0.4064149288,-0.0243398197,0.0764,0.081,0.0379,0.004600000000000007,0.008900000000000005,-0.010300000000000004,0.0048
1989-11-30,-3.453253081727524,-3.436847089802924,-2.7047045511095043,-0.7485485306180197,0.0008448164,0.3972257018,-0.0270221107,0.0769,0.0808,0.0078,0.0039000000000000007,0.0092,-0.0007999999999999995,0.002388535
1989-12-29,-3.4647177455761864,-3.443527058596547,-2.7377745518509062,-0.7269431937252802,0.0009234427,0.3904547436,-0.0123231067,0.0763,0.0816,-0.0006,0.005299999999999999,0.009599999999999997,0.0012,0.0015885624
1990-01-31,-3.385516307329996,-3.4568159849148623,-2.684119796103492,-0.7013965112265041,0.0028921011,0.4149713959,-0.0137919369,0.0764,0.0865,-0.0343,0.010099999999999998,0.009500000000000008,0.015199999999999998,0.0103092784
1990-02-28,-3.38618810616289,-3.3776853997486906,-2.710584368446284,-0.6756037377166058,0.0010085723,0.4091730897,-0.0116257085,0.0774,0.0876,-0.0025,0.0102,0.0092,0.0013000000000000002,0.0047095761
1990-03-30,-3.4023747527288735,-3.378409209994597,-2.752840315900938,-0.6495344368279357,0.0010322537,0.4713339564,-0.0102754607,0.079,0.0889,-0.0044,0.009900000000000006,0.00839999999999999,0.0033,0.00546875
1990-04-30,-3.365010052589703,-3.3922652208893727,-2.7319133890179037,-0.6330966635717994,0.0009667888,0.480284256,-0.0101328264,0.0777,0.0924,-0.0202,0.01469999999999999,0.00839999999999999,0.0011000000000000003,0.0015540016
1990-05-31,-3.4430026127715485,-3.3550017013488476,-2.826278170042815,-0.6167244427287337,0.0013614738,0.4435699735,-0.0019611745,0.0774,0.0883,0.0415,0.010900000000000007,0.009399999999999992,-0.0030000000000000027,0.0023273856
1990-06-29,-3.4241674130531323,-3.433093436863324,-2.8237614778482434,-0.6004059352048889,0.0013508073,0.4429494323,-0.0004741595,0.0773,0.0864,0.023,0.00910000000000001,0.009599999999999997,-0.0013999999999999985,0.0054179567
1990-07-31,-3.4140552062754965,-3.4192920666131785,-2.8110269254047604,-0.6030282808707361,0.001298437,0.4392124466,0.004918902,0.0762,0.086,0.0107,0.00979999999999999,0.009599999999999997,-0.0004999999999999987,0.0038491147
1990-08-31,-3.310140688583538,-3.4092035135649517,-2.7045222056129608,-0.6056184829705771,0.0058277873,0.4880735629,0.0014768042,0.0745,0.092,-0.0419,0.0175,0.009999999999999995,0.0127,0.009202454
1990-09-28,-3.2527717430425764,-3.305312421188447,-2.6445946056040155,-0.6081771374385609,0.001984821,0.520289666,0.0013916129,0.0736,0.0914,0.0117,0.017799999999999996,0.01079999999999999,-0.0026,0.0083586626
1990-10-31,-3.2389778390814348,-3.2456986249722917,-2.644024249628396,-0.5949535894530387,0.0044927894,0.5224519209,-0.0004517504,0.0717,0.0898,0.0215,0.018100000000000005,0.0121,-0.008299999999999998,0.006028636
1990-11-30,-3.2901612394955198,-3.2319543988389006,-2.708424239142049,-0.5817370003534705,0.0024399038,0.4985056551,0.0009277803,0.0706,0.0858,0.0402,0.015200000000000005,0.013200000000000003,-0.011699999999999999,0.002247191
1990-12-31,-3.30771134106432,-3.2831867841234743,-2.73917585313008,-0.5685354879342404,0.0007945965,0.4844968599,-0.0018284693,0.0674,0.0844,0.0187,0.017,0.013800000000000007,-0.0020000000000000018,0.0
1991-01-31,-3.347728686443716,-3.307049637152666,-2.786120978810327,-0.5616077076333892,0.0031935916,0.4663077997,0.0006487724,0.0622,0.0837,0.013,0.0215,0.014100000000000001,0.002,0.0059790732
1991-02-28,-3.412181837361523,-3.3470674200946076,-2.85754572922146,-0.554636108140063,0.0024312988,0.4427204408,0.0011789768,0.0594,0.0841,0.003,0.024699999999999993,0.012399999999999994,0.0091,0.0014858841
1991-03-28,-3.4334809630504637,-3.411521007996652,-2.8858513151730736,-0.5476296478773901,0.001375058,0.4571255997,0.003262045,0.0591,0.0844,0.0038,0.025300000000000003,0.0116,0.007000000000000001,0.0014836795
1991-04-30,-3.4328121924048,-3.4324657890012533,-2.9108545151894805,-0.5219576772153194,0.0020727894,0.4612395987,0.0057407705,0.0565,0.0837,0.014,0.027199999999999995,0.010800000000000004,-0.00020000000000000052,0.0014814815
1991-05-31,-3.4696416296627794,-3.4317898070249,-2.9739864945004384,-0.49565513516234105,0.001585206,0.4399669694,0.0067987809,0.0546,0.0845,0.0,0.029900000000000003,0.009999999999999995,0.0039,0.0029585799
1991-06-28,-3.4195510107668445,-3.468628520938757,-2.9508448393040596,-0.4687061714627849,0.0011798794,0.458243743,0.0140821721,0.0557,0.086,-0.0063,0.030299999999999994,0.009499999999999995,0.0045000000000000005,0.0029498525
1991-07-31,-3.4599241961099665,-3.416041903630979,-3.0224123682466115,-0.43751182786335496,0.0011053405,0.4403567816,0.0146768432,0.0558,0.085,0.0157,0.029200000000000004,0.008900000000000005,0.0010000000000000009,0.0014705882
1991-08-30,-3.475893786232598,-3.4564355348040796,-3.070344205891905,-0.405549580340693,0.0020376667,0.4376396373,0.0171761329,0.0533,0.0818,0.034,0.028499999999999998,0.009000000000000008,-0.006500000000000002,0.0029368576
1991-09-30,-3.453079776087511,-3.4724091067119,-3.0803230277254317,-0.3727567483620793,0.00047469,0.441531837,0.0229915359,0.0522,0.079,0.0303,0.026799999999999997,0.009000000000000008,-0.0032000000000000015,0.0043923865
1991-10-31,-3.466827054889143,-3.4550368834560614,-3.127333395319518,-0.33949365956962474,0.0011256383,0.4340034538,0.0252184874,0.0499,0.0791,0.0054,0.029200000000000004,0.009399999999999992,-0.0011000000000000003,0.0014577259
1991-11-29,-3.4238658994534115,-3.4687880000391234,-3.1189113512083675,-0.304954548245044,0.0020490256,0.4601544903,0.0303835153,0.0456,0.0789,0.0082,0.033299999999999996,0.0097,0.0023999999999999994,0.0029112082
1991-12-31,-3.5316202026998593,-3.4258306974657624,-3.2625900636226404,-0.26903013907721895,0.0020495219,0.4203444173,0.0315377294,0.0407,0.073,0.0581,0.032299999999999995,0.009500000000000008,-0.014499999999999999,0.0007256894
1992-01-31,-3.5082227281611145,-3.5283231772599075,-3.237910259812231,-0.27031246834888334,0.0008724549,0.4132296785,0.0316649252,0.038,0.0776,-0.0324,0.0396,0.009300000000000003,0.015099999999999999,0.0014503263
1992-02-28,-3.514447756490556,-3.5049283964827884,-3.2428649352771544,-0.2715828212134017,0.0009132361,0.4076305252,0.0332842419,0.0384,0.0777,0.0051,0.03930000000000001,0.009399999999999992,0.004499999999999999,0.0036205648
1992-03-31,-3.4890986759482137,-3.511172356024115,-3.216253488993091,-0.2728451869551227,0.0004697601,0.4021060342,0.0416282636,0.0404,0.0797,-0.0094,0.039299999999999995,0.008999999999999994,0.0021000000000000003,0.0050505051
1992-04-30,-3.5167149411060614,-3.4892041667442393,-3.226210769332828,-0.2905041717732333,0.0016610518,0.3873034718,0.0383939214,0.0375,0.0803,0.0016,0.0428,0.008800000000000002,0.0,0.0014357502
1992-05-29,-3.517792066265976,-3.5168285590253525,-3.209929565238186,-0.30786250102779,0.0006900329,0.3829985163,0.0370813555,0.0363,0.0781,0.0243,0.041800000000000004,0.008500000000000008,0.0011000000000000003,0.0014336918
1992-06-30,-3.5003862946955655,-3.5178975801797066,-3.1754600490714138,-0.32492624562415173,0.0007529192,0.3920423538,0.0429366245,0.0366,0.0765,0.02,0.0399,0.008300000000000002,-0.004400000000000001,0.0035790981
1992-07-31,-3.536977492841532,-3.4983591300037964,-3.194908495801429,-0.34206899704010274,0.0008974805,0.3833486997,0.0413610108,0.0321,0.0726,0.0398,0.0405,0.007700000000000012,-0.009000000000000001,0.0021398003
1992-08-31,-3.5106642485636614,-3.5349544292342783,-3.1518089831733156,-0.35885526539034585,0.0003695588,0.3994050369,0.0428274632,0.0313,0.0725,0.0067,0.041199999999999994,0.006999999999999992,0.002299999999999999,0.0028469751
1992-09-30,-3.5177096836353114,-3.5086452694809043,-3.1424113344879876,-0.37529834914732385,0.0008722118,0.3976569721,0.0411349836,0.0291,0.071,0.0185,0.04189999999999999,0.006999999999999992,-0.008599999999999998,0.0028388928
1992-10-30,-3.520080011332367,-3.517975955468149,-3.1252998663704536,-0.3947801449619135,0.0009441488,0.4032511778,0.04097304,0.0286,0.0741,-0.0198,0.0455,0.008500000000000008,0.004200000000000002,0.0035385704
1992-11-30,-3.5501673467206794,-3.5203544261847752,-3.1362595487123115,-0.41390779800836786,0.0005080996,0.3936264585,0.0378707236,0.0313,0.0748,0.001,0.043500000000000004,0.008599999999999997,0.0059,0.0014104372
1992-12-31,-3.5604908214908733,-3.5504337625812648,-3.12781224669454,-0.4326785747963333,0.00047154,0.3941096142,0.03871373,0.0322,0.0726,0.0246,0.0404,0.008300000000000002,-0.0017999999999999995,-0.0007042254
1993-01-29,-3.5649880229908235,-3.5579667589121047,-3.1218226584857667,-0.44316536450505684,0.0003488457,0.3930481045,0.0416392231,0.03,0.0725,0.028,0.042499999999999996,0.007599999999999996,-0.002999999999999999,0.0049330514
1993-02-26,-3.572891323277257,-3.5624622816223646,-3.119407958209358,-0.4534833650678989,0.0011468722,0.3859601969,0.0406155681,0.0293,0.0698,0.0354,0.0405,0.0068000000000000005,-0.0098,0.0035063114
1993-03-31,-3.588904593166543,-3.57037995864009,-3.125251722835533,-0.46365287033100966,0.0010047233,0.3336135264,0.0369950189,0.0295,0.0702,0.0021,0.0407,0.005699999999999997,0.0004000000000000002,0.0034940601
1993-04-30,-3.5619819346299204,-3.5877273074346956,-3.108111819486517,-0.4538701151434035,0.0010047977,0.334349806,0.039700073,0.0287,0.0701,0.0072,0.04139999999999999,0.0068000000000000005,-0.002,0.0027855153
1993-05-28,-3.5832772919180753,-3.560814027929693,-3.1392552503061664,-0.44402204161190895,0.0008173038,0.3248824215,0.040144274,0.0296,0.0701,0.0047,0.040499999999999994,0.007800000000000001,-0.0027,0.0013888889
1993-06-30,-3.582857713924109,-3.582102762293972,-3.148766374285765,-0.4340913396383441,0.0005738167,0.3259312476,0.0410478926,0.0307,0.0668,0.0449,0.03609999999999999,0.00739999999999999,-0.015600000000000003,0.0013869626
1993-07-30,-3.5776202296908415,-3.5829615283040908,-3.124972476241721,-0.45264775344912067,0.0006089618,0.3237770308,0.0409002052,0.0304,0.0656,0.0191,0.03520000000000001,0.007599999999999996,-0.009099999999999999,0.0
1993-08-31,-3.611584499419972,-3.5777320418465366,-3.1407066727136126,-0.4708778267063596,0.0002815775,0.3138649833,0.0401659711,0.0302,0.0623,0.0434,0.032100000000000004,0.007499999999999993,-0.014700000000000001,0.0027700831
1993-09-30,-3.601650202706259,-3.6116883361886654,-3.112872716162031,-0.48877748654422826,0.0004706646,0.3223518215,0.0417473699,0.0295,0.0627,0.0005,0.03320000000000001,0.0068000000000000005,0.0038,0.0020718232
1993-10-29,-3.6193170222372624,-3.600109733157134,-3.1081979408203675,-0.5111190814168949,0.0003142048,0.3113628329,0.0403809173,0.0302,0.0623,0.0096,0.032100000000000004,0.006400000000000003,-0.004499999999999999,0.0041350793
1993-11-30,-3.6047762190378494,-3.6177709588116693,-3.0718735377606707,-0.5329026812771787,0.000576328,0.3110794108,0.0438535951,0.031,0.0651,-0.0259,0.034100000000000005,0.007300000000000001,0.007099999999999999,0.0006863418
1993-12-31,-3.613281084341952,-3.6032404932250746,-3.0591209218721986,-0.5541601624697532,0.0002696863,0.3052672229,0.0457468047,0.0306,0.0654,0.002,0.0348,0.007599999999999996,0.0047,0.0
1994-01-31,-3.64182802927731,-3.6098442047856394,-3.07869689013908,-0.5631311391382301,0.0004234858,0.2880585672,0.0436888228,0.0298,0.0637,0.0257,0.033900000000000007,0.007300000000000001,-0.005500000000000001,0.0027434842
1994-02-28,-3.6078893655089392,-3.6383950247982493,-3.035930987592574,-0.5719583779163653,0.0010260883,0.2990588209,0.0450599942,0.0325,0.0682,-0.045,0.035699999999999996,0.0068000000000000005,0.016399999999999998,0.0034199726
1994-03-31,-3.5576501012139685,-3.604475975886934,-2.9769977678188986,-0.5806523333950699,0.0008921309,0.3074838051,0.0419154208,0.035,0.0725,-0.0395,0.03749999999999999,0.006499999999999992,0.0011999999999999997,0.0034083163
1994-04-29,-3.5657600211317533,-3.5542953820205163,-2.952566661215472,-0.6131933599162811,0.0013736767,0.3036647862,0.0398625296,0.0368,0.0745,-0.015,0.0377,0.006400000000000003,0.005299999999999999,0.0013586957
1994-05-31,-3.574767178185879,-3.5624243356333487,-2.930257737963018,-0.644509440222861,0.0007504982,0.2974694757,0.0396573234,0.0414,0.0759,-0.0082,0.034499999999999996,0.0063,0.002000000000000001,0.0006784261
1994-06-30,-3.5442566713944177,-3.5714347912770292,-2.869588491200144,-0.6746681801942738,0.0007971036,0.3084170767,0.0340103517,0.0414,0.0774,-0.01,0.036,0.0068000000000000005,0.0019000000000000006,0.0033898305
1994-07-29,-3.5729588536596095,-3.541976452657316,-2.8727858921457963,-0.7001729615138133,0.0003272701,0.2969853808,0.0312260505,0.0433,0.0746,0.0363,0.0313,0.0068999999999999895,-0.0053999999999999986,0.0027027027
1994-08-31,-3.607628062003333,-3.570676066737703,-2.8827040690184793,-0.7249239929848539,0.0005603787,0.2856838193,0.0287206541,0.0448,0.0761,-0.0086,0.0313,0.0067000000000000115,0.0055,0.0040431267
1994-09-30,-3.5780918384121305,-3.6053582124423906,-2.8291155080152084,-0.7489763303969221,0.0008018755,0.2909046586,0.0290191161,0.0462,0.08,-0.0331,0.033800000000000004,0.006400000000000003,0.006599999999999998,0.0026845638
1994-10-31,-3.5923632695298426,-3.5717435412698837,-2.810627113546189,-0.7817361559836535,0.0011584215,0.2860712737,0.0260153431,0.0495,0.0809,-0.0025,0.0314,0.0063,-0.0025,0.000669344
1994-11-30,-3.545741287593467,-3.5860473783778515,-2.732684956475911,-0.813056331117556,0.0008363828,0.2989926143,0.022930531,0.0529,0.0808,0.0066,0.027899999999999994,0.006400000000000003,-0.0048000000000000004,0.0013377926
1994-12-30,-3.5516967566569093,-3.5394726296755694,-2.708638263453764,-0.8430584932031455,0.0007049267,0.2915683,0.0166016236,0.056,0.0799,0.0161,0.023899999999999998,0.006400000000000003,-0.00040000000000000105,0.0
1995-01-31,-3.575684396932208,-3.5516967566569093,-2.711606536504987,-0.864077860427221,0.0002893889,0.2908537344,0.0150997844,0.0571,0.078,0.0273,0.020900000000000002,0.006200000000000011,-0.0017000000000000001,0.004008016
1995-02-28,-3.6111231081963044,-3.575684396932208,-2.7264586141606952,-0.8846644940356092,0.0004724322,0.2787300356,0.0145387551,0.0577,0.0758,0.0287,0.018100000000000005,0.005899999999999989,0.0001999999999999988,0.003992016
1995-03-31,-3.6380855754204164,-3.6111231081963044,-2.733249722521028,-0.9048358528993883,0.0004843187,0.3138765419,0.0144031801,0.0573,0.0755,0.0091,0.0182,0.0058,0.0003999999999999993,0.0033134526
1995-04-28,-3.660837028813699,-3.633260484725861,-2.741755812951892,-0.9190812158618069,0.0002569276,0.3019947008,0.0130183486,0.0565,0.0745,0.0169,0.017999999999999995,0.005699999999999997,0.0006000000000000033,0.0033025099
1995-05-31,-3.6917106046478185,-3.6560426281633482,-2.758713180888651,-0.9329974237591676,0.0010114473,0.2922642542,0.0107428203,0.0567,0.0677,0.079,0.010999999999999996,0.005500000000000005,-0.015899999999999997,0.0019749835
1995-06-30,-3.7079869582179725,-3.6869315961411573,-2.761398696474297,-0.9465882617436754,0.0006967987,0.2864296179,0.0082728997,0.0547,0.067,0.0139,0.012300000000000005,0.006000000000000005,-0.005999999999999998,0.0019710907
1995-07-31,-3.7339463515120443,-3.7026647195758566,-2.7854454538485762,-0.9485008976634681,0.0007732246,0.2771603672,0.0070594239,0.0542,0.0691,-0.0168,0.014899999999999997,0.0063,0.006699999999999999,0.0
1995-08-31,-3.728324581995689,-3.7286448837938972,-2.7779422451439686,-0.9503823368517206,0.0002067405,0.2830461347,0.0091202057,0.054,0.0674,0.0236,0.013400000000000002,0.006199999999999997,-0.0022000000000000006,0.0026229508
1995-09-29,-3.7623729254775635,-3.72305843814271,-2.8101250519881504,-0.9522478734894131,0.0003814595,0.2724949976,0.0063774144,0.0528,0.0663,0.0175,0.013499999999999998,0.006099999999999994,-0.0022000000000000023,0.0019620667
1995-10-31,-3.752164533565487,-3.7571563529043304,-2.8167611210379024,-0.9354034125275845,0.0004878223,0.2744202453,0.0122208099,0.0528,0.0641,0.0294,0.011300000000000004,0.0063,-0.0109,0.0032637076
1995-11-30,-3.7872039018496326,-3.746975032462449,-2.8687517690594637,-0.9184521327901689,0.0005461724,0.2571688515,0.0168725256,0.0536,0.0623,0.0249,0.0087,0.006599999999999995,-0.0006999999999999992,-0.0006506181
1995-12-29,-3.7993346720581638,-3.782041192691284,-2.897949959269636,-0.9013847127885279,0.0008205431,0.2550263829,0.0155287852,0.0514,0.0603,0.0272,0.008899999999999998,0.006699999999999998,-0.004399999999999998,-0.0006510417
1996-01-31,-3.823823299844693,-3.7917266111709047,-2.9292607377704716,-0.8945625620742215,0.0013839441,0.2418771721,0.0161292486,0.05,0.0609,-0.0011,0.0109,0.006600000000000009,0.0025,0.0058631922
1996-02-29,-3.8231753575858467,-3.8162655412256608,-2.935388201149576,-0.8877871564362705,0.0012676223,0.2378947371,0.0168038472,0.0483,0.0659,-0.0483,0.017599999999999998,0.006400000000000003,0.011000000000000003,0.003238342
1996-03-29,-3.823566765191128,-3.8156813806511876,-2.9424889065815236,-0.8810778586096042,0.001741708,0.2392996154,0.0168940074,0.0496,0.0684,-0.021,0.018800000000000004,0.0068000000000000005,0.008000000000000002,0.0051646223
1996-04-30,-3.832924982035051,-3.819582935804875,-2.9473476490472725,-0.8855773329877783,0.0009818335,0.2400758062,0.0211288043,0.0495,0.0706,-0.0165,0.021099999999999994,0.006900000000000003,0.0005000000000000004,0.0038535645
1996-05-31,-3.8515460863075535,-3.828949926584158,-2.9615318664922055,-0.890014219815348,0.0011253096,0.2369235155,0.0263960095,0.0502,0.0717,-0.0054,0.0215,0.0068000000000000005,0.005900000000000001,0.0019193858
1996-06-28,-3.8498479284411316,-3.847593775592637,-2.955444247971818,-0.8944036804693134,0.0003947932,0.2364437252,0.0271937407,0.0509,0.0703,0.0203,0.0194,0.006900000000000003,-0.0030999999999999986,0.0006385696
1996-07-31,-3.7939327013078485,-3.840760222094811,-2.898263744495316,-0.8956689568125324,0.0023551525,0.2418198938,0.0311122108,0.0515,0.0707,0.0018,0.019200000000000002,0.007000000000000006,-0.0007999999999999999,0.0019144863
1996-08-30,-3.8035591336592987,-3.7849199575753785,-2.9066532186626635,-0.8969059149966352,0.0011215051,0.2380611179,0.0308639109,0.0505,0.0726,-0.0139,0.022099999999999995,0.007199999999999998,0.006899999999999999,0.001910828
1996-09-30,-3.847389917171492,-3.794633713848317,-2.9492664892527856,-0.8981234279187063,0.0006862354,0.2272973181,0.0295537136,0.0509,0.0704,0.029,0.019500000000000003,0.006900000000000003,-0.003100000000000002,0.0031786395
1996-10-31,-3.8678597956376524,-3.842064515128507,-2.9500981911761337,-0.9177616044615187,0.0006066275,0.2217476558,0.0256258983,0.0499,0.0671,0.0404,0.017200000000000007,0.0068000000000000005,-0.004299999999999998,0.0031685678
1996-11-29,-3.9333648209469425,-3.862555855997279,-2.996551609937393,-0.9368132110095497,0.0007037217,0.2050079191,0.0220390209,0.0503,0.0643,0.0351,0.013999999999999999,0.006900000000000003,-0.008799999999999999,0.0018951358
1996-12-31,-3.906355589926097,-3.9280955765625025,-2.951035193004638,-0.9553203969214588,0.001709075,0.2073427297,0.0240975605,0.0491,0.0673,-0.0256,0.0182,0.006900000000000003,0.007000000000000003,0.0
1997-01-31,-3.9622951998967353,-3.902784552373863,-2.997634458074083,-0.9646607418226525,0.0013600872,0.1962401029,0.0243801339,0.0503,0.0689,-0.0079,0.018600000000000005,0.006699999999999998,0.0051,0.0031525851
1997-02-28,-3.964640252900873,-3.9587302051336755,-2.990795187904119,-0.973845064996754,0.00147476,0.1943954108,0.0228851457,0.0501,0.0694,0.0005,0.019300000000000005,0.0063,0.0023,0.0031426776
1997-03-31,-3.917545942245285,-3.961094562716686,-2.934660235558484,-0.9828857066868011,0.0020014839,0.2147802023,0.0211198386,0.0514,0.0723,-0.0252,0.020900000000000002,0.0063,0.0030999999999999986,0.0025062657
1997-04-30,-3.9720542662426452,-3.9152907011726765,-2.9888599925793025,-0.9831942736633428,0.0030050574,0.2017410478,0.0169161089,0.0516,0.0705,0.0255,0.018899999999999993,0.006100000000000008,-0.007099999999999999,0.00125
1997-05-30,-4.0267295433908,-3.969804099839874,-3.043225711994618,-0.9835038313961824,0.0020074201,0.1928785879,0.0132653849,0.0505,0.0701,0.0097,0.019599999999999992,0.006199999999999997,0.0031000000000000003,-0.0006242197
1997-06-30,-4.067019483487831,-4.024484428871418,-3.0832100440258534,-0.9838094394619774,0.0019744425,0.184287615,0.0108474777,0.0493,0.0688,0.0195,0.019500000000000003,0.006099999999999994,-0.0007999999999999986,0.0012492192
1997-07-31,-4.13846895742606,-4.063247173530078,-3.1576922740855884,-0.9807766833404719,0.0020101663,0.171964943,0.0116078543,0.0505,0.0637,0.0626,0.013200000000000003,0.006099999999999994,-0.009800000000000003,0.0012476606
1997-08-29,-4.0755423704506875,-4.1347042779616885,-3.0977913592740496,-0.9777510111766383,0.0024647279,0.1855054038,0.0128921891,0.0514,0.0672,-0.0317,0.015799999999999995,0.006000000000000005,0.0076999999999999985,0.0018691589
1997-09-30,-4.12358735156845,-4.071798332518004,-3.148841916752475,-0.9747454348159743,0.0026265123,0.177967857,0.0146506387,0.0495,0.0649,0.0316,0.015399999999999997,0.005500000000000005,-0.009000000000000005,0.0024875622
1997-10-31,-4.084940189478857,-4.1200262310336395,-3.1213312479859088,-0.9636089414929478,0.0093637077,0.1900006773,0.0162805348,0.0497,0.0623,0.0341,0.0126,0.005699999999999997,-0.015,0.0024813896
1997-11-28,-4.125019603722656,-4.081398181234713,-3.172583369520963,-0.9524362342016928,0.0026621198,0.1807462988,0.0156862396,0.0514,0.0614,0.0148,0.010000000000000002,0.005500000000000005,-0.004700000000000001,-0.0006188119
1997-12-31,-4.137092815433343,-4.121483644150663,-3.195884433061569,-0.9412083823717738,0.0022493911,0.1788008842,0.0155787276,0.0516,0.0602,0.0184,0.008599999999999997,0.005600000000000008,-0.002100000000000001,-0.0012383901
1998-01-30,-4.144099201631061,-4.134000228727825,-3.2074951220501284,-0.936604079580933,0.0024688899,0.1788402734,0.0137581612,0.0504,0.0589,0.02,0.0085,0.0058,-0.0063,0.0018598884
1998-02-27,-4.209094578486406,-4.1410161495390305,-3.27708755582872,-0.9320070226576864,0.0010533641,0.1654630971,0.0120735181,0.0509,0.0599,-0.0072,0.009000000000000001,0.0058,0.0065,0.0018564356
1998-03-31,-4.254759432029992,-4.2060210023970495,-3.3273422859796256,-0.9274171460503662,0.0011367878,0.181140396,0.0165051128,0.0503,0.0602,0.0025,0.009899999999999999,0.006000000000000005,0.0013,0.0018529957
1998-04-30,-4.257231289080908,-4.248195763412198,-3.3411946545273934,-0.9160366345535147,0.0016147577,0.1758729222,0.0164262189,0.0495,0.0604,0.0026,0.0109,0.006400000000000003,0.0027,0.0018495684
1998-05-29,-4.231704778009526,-4.250710421430135,-3.3270291683078868,-0.9046756097016386,0.0009588242,0.1791022057,0.0190980686,0.05,0.0592,0.0182,0.0092,0.006099999999999994,-0.0015000000000000013,0.0018461538
1998-06-30,-4.263906551627796,-4.2252261567393425,-3.3705732615080324,-0.8933332901197644,0.0020973304,0.178060606,0.0240305882,0.0498,0.0576,0.0228,0.007800000000000001,0.006000000000000005,-0.011300000000000001,0.0012285012
1998-07-31,-4.248199926632953,-4.259883307775587,-3.3664446481789687,-0.8817552784539839,0.0022281428,0.1794381089,0.0253622873,0.0496,0.0584,-0.004,0.008800000000000002,0.0059999999999999915,-0.0015999999999999999,0.0012269939
1998-08-31,-4.086600514930241,-4.244186585004535,-3.2164734604759935,-0.8701270544542474,0.0093340166,0.2114320916,0.0285296741,0.049,0.0547,0.0465,0.005699999999999997,0.006200000000000011,-0.0376,0.0012254902
1998-09-30,-4.143135709666517,-4.082609410466329,-3.2846704483513967,-0.8584652613151205,0.0099709513,0.2032484042,0.0240925221,0.0461,0.0517,0.0395,0.005600000000000001,0.006900000000000003,0.001800000000000003,0.0012239902
1998-10-30,-4.219298019060163,-4.14206461156484,-3.3652357327596825,-0.854062286300481,0.0051715952,0.1855190768,0.0207492147,0.0396,0.054,-0.0218,0.014399999999999996,0.008099999999999996,0.0028000000000000004,0.0024449878
1998-11-30,-4.275665957621882,-4.2182218856147315,-3.4260201772659844,-0.8496457803558983,0.0019367347,0.1748468445,0.0220123421,0.0441,0.0535,0.0097,0.009399999999999999,0.009300000000000003,0.0173,0.0
1998-12-31,-4.329440683453013,-4.274597155721091,-3.48421792480604,-0.8452227586469729,0.0032869067,0.1736113154,0.0200632552,0.0439,0.0542,-0.0032,0.010299999999999997,0.010100000000000005,0.004200000000000001,-0.0006097561
1999-01-29,-4.3644151344692865,-4.324224303190128,-3.518504713066352,-0.8459104214029352,0.0033356226,0.1703206191,0.0155939946,0.0434,0.0536,0.0121,0.0102,0.01050000000000001,0.00020000000000000052,0.0024405125
1999-02-26,-4.326416843865045,-4.359231934530424,-3.4798176118368587,-0.8465992320281863,0.0034821298,0.1712768096,0.0184543721,0.0444,0.0587,-0.052,0.0143,0.009899999999999992,0.0119,0.0012172855
1999-03-31,-4.359314892167221,-4.321254291600065,-3.512043086677689,-0.847271805489533,0.0032135534,0.1728971707,0.0206772204,0.0444,0.0592,-0.0008,0.0148,0.00910000000000001,0.001,0.0030395137
1999-04-30,-4.396574946473148,-4.359333130524311,-3.526615204357765,-0.8699597421153835,0.0027266469,0.1568258764,0.0251891382,0.0429,0.0594,0.0021,0.0165,0.008400000000000005,-0.0045,0.0072727273
1999-05-28,-4.371311798946327,-4.396599264800049,-3.4791605839841666,-0.8921512149621607,0.0030856384,0.1602311354,0.025905064,0.045,0.0615,-0.0185,0.0165,0.007900000000000004,0.000899999999999998,0.0
1999-06-30,-4.42433827787127,-4.371330038079604,-3.5104824144997897,-0.91385586337148,0.0024092474,0.1542274468,0.0188750654,0.0457,0.0627,-0.0078,0.017000000000000008,0.00789999999999999,-0.0082,0.0
1999-07-30,-4.387865794051987,-4.420436609405268,-3.4543017335073753,-0.933564060544612,0.0016111824,0.1587964727,0.0193741534,0.0455,0.0639,-0.0077,0.0184,0.007599999999999996,-0.003599999999999999,0.0030084236
1999-08-31,-4.377699478497794,-4.383973256875592,-3.4249626821985824,-0.9527367962992122,0.0027298772,0.1562430269,0.0188895412,0.0472,0.0649,-0.0053,0.0177,0.007500000000000007,0.0027,0.0023995201
1999-09-30,-4.344860776589405,-4.37382804367174,-3.3734501767951914,-0.9714105997942135,0.0027049454,0.1636844982,0.0203906807,0.0468,0.0646,0.0084,0.017800000000000003,0.00810000000000001,0.0008999999999999998,0.0047875524
1999-10-29,-4.40450149156448,-4.343839724817464,-3.402688664981629,-1.0018128265828503,0.0048759339,0.1576906607,0.0204564718,0.0486,0.0651,-0.0012,0.016500000000000008,0.008300000000000002,0.0059,0.0017867778
1999-11-30,-4.422363954036967,-4.40348148127594,-3.3911031346402276,-1.031260819396739,0.0013542581,0.1555459671,0.0182906361,0.0507,0.0662,-0.0061,0.015499999999999993,0.007900000000000004,0.0037000000000000006,0.0005945303
1999-12-31,-4.477577782763454,-4.421344983109348,-3.4177709248506307,-1.0598068579128235,0.0011487717,0.1471672594,0.0179001767,0.052,0.0682,-0.0155,0.0162,0.006400000000000003,0.005299999999999999,0.0
2000-01-31,-4.423938054878034,-4.476182877830819,-3.3464706997741467,-1.077467355103888,0.005206354,0.15465416,0.0253715888,0.0532,0.0666,0.0228,0.013400000000000009,0.005500000000000005,-0.024900000000000002,0.0029708853
2000-02-29,-4.402226056187224,-4.422539118797674,-3.307460563045661,-1.0947654931415638,0.003000422,0.1670564326,0.0274318737,0.0555,0.0646,0.0264,0.009100000000000004,0.006100000000000008,-0.0172,0.0059241706
2000-03-31,-4.4931588523750365,-4.4008350402528125,-3.3814285123830174,-1.111730339992019,0.0066783401,0.1499735618,0.0183014257,0.0569,0.0618,0.0367,0.004900000000000002,0.006900000000000003,-0.019800000000000005,0.0082449941
2000-04-28,-4.463030952415649,-4.494310929673727,-3.3438231459436056,-1.1192078064720437,0.0079417212,0.1526004182,0.0119614109,0.0566,0.063,-0.0076,0.006400000000000003,0.0076000000000000095,-0.0039,0.0005841121
2000-05-31,-4.442031639960686,-4.46419033819065,-3.3153768796096763,-1.12665476035101,0.005185498,0.1556687311,0.0091957472,0.0579,0.064,-0.0054,0.006100000000000001,0.009099999999999997,-0.0107,0.0011675423
2000-06-30,-4.466838016020212,-4.443186384863481,-3.3327821553246055,-1.1340558606956064,0.0023597429,0.1567779616,0.0071410264,0.0569,0.0622,0.0244,0.005299999999999999,0.008099999999999996,0.008199999999999995,0.0052478134
2000-07-31,-4.457511302057062,-4.473987555321425,-3.304943503608637,-1.152567798448425,0.0020654712,0.155674151,0.0047329947,0.0596,0.0611,0.0173,0.0015000000000000013,0.007000000000000006,0.0005999999999999998,0.0023201856
2000-08-31,-4.523640483168055,-4.4647123255798435,-3.352635034731566,-1.1710054484364893,0.0010392754,0.146053064,0.0046897827,0.0609,0.0594,0.024,-0.0015000000000000013,0.007100000000000009,-0.0105,0.0
2000-09-29,-4.475927445490471,-4.5308937377752185,-3.286558838244723,-1.1893686072457479,0.0015999826,0.1537894629,0.0044838585,0.06,0.0612,-0.0157,0.0011999999999999997,0.007300000000000001,0.0203,0.0052083333
2000-10-31,-4.472514544008221,-4.477476328981885,-3.3048313721468716,-1.1676831718613494,0.0055680729,0.1493007889,0.0037587886,0.0611,0.06,0.0187,-0.0011000000000000038,0.007900000000000004,-0.0142,0.0017271157
2000-11-30,-4.390615832894612,-4.474071966605199,-3.24516420981715,-1.1454516230774625,0.0032724371,0.1572808929,0.0011697655,0.0617,0.0576,0.0319,-0.0040999999999999995,0.008300000000000002,-0.005599999999999997,0.0005747126
2000-12-29,-4.396214732140832,-4.392169538918109,-3.2735761088698685,-1.122638623270964,0.0052993586,0.1518515036,-0.0022502465,0.0577,0.0558,0.0243,-0.001899999999999999,0.008099999999999996,0.002700000000000001,-0.0005743825
2001-01-31,-4.436386559722948,-4.402336313272805,-3.338498018987097,-1.09788854073585,0.0049410477,0.1504496662,-0.0031811365,0.0515,0.0562,0.0005,0.004700000000000003,0.007800000000000001,0.0354,0.0063218391
2001-02-28,-4.345720976990203,-4.442552067406744,-3.2735220948117743,-1.0721988821784292,0.0025284469,0.1560700913,-0.0068435975,0.0488,0.0549,0.0191,0.006099999999999994,0.007700000000000012,-0.0063999999999999994,0.0039977156
2001-03-30,-4.285559929593664,-4.351918473523796,-3.240066951988588,-1.0454929776050763,0.0071396324,0.1331135514,-0.0051995393,0.0442,0.0559,-0.0074,0.011699999999999995,0.008599999999999997,0.0045000000000000005,0.0022753129
2001-04-30,-4.365576320783312,-4.291569310227333,-3.3796294325242546,-0.9859468882590576,0.0074262097,0.1224969006,-0.0025407595,0.0387,0.0593,-0.0313,0.0206,0.0087,0.018500000000000003,0.0039727582
2001-05-31,-4.376692983735494,-4.371615696036886,-3.454865607302754,-0.92182737643274,0.0025362471,0.120510188,-0.0002465548,0.0362,0.0594,0.0037,0.0232,0.0077999999999999875,0.0095,0.004522329
2001-06-29,-4.357453946678575,-4.382775429865598,-3.5049964723523663,-0.8524574743262083,0.0015083692,0.1252094328,0.0050429431,0.0349,0.059,0.0085,0.024099999999999996,0.00789999999999999,-0.003000000000000001,0.0016882386
2001-07-31,-4.345558979110116,-4.356389869378416,-3.5741111213337295,-0.7714478577763861,0.0028995945,0.1249665833,0.0079158092,0.0351,0.0561,0.0376,0.020999999999999998,0.00839999999999999,-0.0015000000000000013,-0.0028089888
2001-08-31,-4.278246788565765,-4.344502394453231,-3.5947488575480153,-0.6834979310177496,0.0022214855,0.1321641438,0.0099204931,0.0336,0.0546,0.0206,0.021000000000000005,0.008300000000000002,-0.005000000000000001,0.0
2001-09-28,-4.191928348979534,-4.2771849642265245,-3.6046643309424833,-0.5872640180370503,0.0071675871,0.1486285882,0.0086538503,0.0264,0.0542,0.0081,0.0278,0.008599999999999997,-0.0233,0.0045070423
2001-10-31,-4.209782927604504,-4.191845739275388,-3.6661611267055525,-0.5436218008989515,0.0032497575,0.1449013996,0.0107516628,0.0216,0.0506,0.0464,0.028999999999999998,0.008800000000000002,-0.002699999999999994,-0.003365115
2001-11-30,-4.282178321372422,-4.20969397093905,-3.7841854213684436,-0.4979929000039789,0.0021893512,0.1334813667,0.0111644335,0.0187,0.0553,-0.0471,0.0366,0.008400000000000005,0.028300000000000002,-0.0016882386
2001-12-31,-4.28964101787342,-4.282095725839524,-3.8394479575055884,-0.4501930603678308,0.0017979546,0.1312178459,0.0134699167,0.0169,0.0575,-0.0183,0.040600000000000004,0.012800000000000006,0.009300000000000001,-0.003945885
2002-01-31,-4.274154323112603,-4.289850696779537,-3.8236179354188486,-0.4505363876937545,0.0021838889,0.1325605487,0.0111959739,0.0165,0.0569,0.0138,0.0404,0.013200000000000003,0.003700000000000002,0.0022637238
2002-02-28,-4.253385515243487,-4.274370401918656,-3.8024953690512175,-0.45089014619226964,0.002567832,0.1301190857,0.0125035202,0.0173,0.0563,0.0115,0.03900000000000001,0.013799999999999993,0.0014999999999999996,0.0039525692
2002-03-28,-4.289675359703148,-4.253595283450389,-3.8384418331394023,-0.45123352656374527,0.0020148244,0.2368334023,0.0137640686,0.0179,0.0604,-0.0436,0.0425,0.013000000000000012,0.014100000000000001,0.005624297
2002-04-30,-4.219764024469622,-4.283148707254037,-3.7478989317026783,-0.47186509276694455,0.0023197168,0.2477323126,0.0151126093,0.0172,0.0575,0.041,0.0403,0.012700000000000003,-0.015700000000000002,0.0055928412
2002-05-31,-4.2041567508495525,-4.213279693146678,-3.7123358799950954,-0.4918208708544567,0.004101625,0.2482556141,0.0222878379,0.0173,0.0578,0.0015,0.040499999999999994,0.013399999999999995,0.0098,0.0
2002-06-28,-4.1224897491626304,-4.1977141953365535,-3.6113524338440746,-0.5111373153185559,0.0037079693,0.2665725018,0.0275349472,0.017,0.0566,0.0187,0.039599999999999996,0.013200000000000003,-0.0114,0.0005561735
2002-07-31,-4.045200303160939,-4.127490072100822,-3.48874940111177,-0.5564509020491695,0.0153427914,0.2820321945,0.0284546499,0.0168,0.0544,0.0303,0.037599999999999995,0.013700000000000004,-0.020900000000000002,0.0011117287
2002-08-30,-4.0550952994243445,-4.050225755034029,-3.454868059764967,-0.600227239659378,0.0094092779,0.284411556,0.0247560633,0.0162,0.051,0.0464,0.0348,0.0121,-0.0011999999999999997,0.0033314825
2002-09-30,-3.9435972312791616,-4.060146134077593,-3.3010140512739397,-0.642583180005222,0.0073660612,0.3245551555,0.029309111,0.0163,0.048,0.0417,0.031700000000000006,0.012499999999999997,-0.0087,0.0016602103
2002-10-31,-4.020712001107434,-3.9378098457281117,-3.4114796972585015,-0.6092323038489318,0.0115896791,0.2934370638,0.0256793583,0.0158,0.0508,-0.0294,0.034999999999999996,0.014099999999999988,0.0053999999999999986,0.0016574586
2002-11-29,-4.070464758331704,-4.014964173655592,-3.4953215853888735,-0.5751431729428309,0.0044490811,0.2769754993,0.0229149672,0.0123,0.0521,-0.0122,0.0398,0.0131,0.0252,0.0
2002-12-31,-4.002514281304906,-4.064743558434781,-3.462263952866238,-0.5402503284386677,0.0026394797,0.2953858956,0.02573892,0.0119,0.0484,0.0507,0.0365,0.012399999999999994,-0.014600000000000002,-0.0022062879
2003-01-31,-3.97161100216909,-3.9994084958405134,-3.4020157601494043,-0.5695952420196857,0.0051675134,0.3059423072,0.0282961074,0.0117,0.0495,-0.0106,0.0378,0.011799999999999998,0.0127,0.0044223328
2003-02-28,-3.951364988491539,-3.9685148327503788,-3.353435250599266,-0.5979297378922732,0.0025641601,0.3122513206,0.0279185778,0.0117,0.0472,0.0329,0.0355,0.011099999999999999,-0.006499999999999999,0.0077050083
2003-03-31,-3.956601250009226,-3.948278375756397,-3.3312853166438274,-0.6253159333653984,0.0061361326,0.2861177008,0.0241014888,0.0113,0.0486,-0.0135,0.0373,0.010600000000000005,0.0055,0.0060076461
2003-04-30,-4.03574358833124,-3.957816238301762,-3.3637576218523715,-0.6719859664788679,0.0030648283,0.2696540306,0.0199699851,0.0113,0.0481,0.0102,0.0368,0.011100000000000006,0.0127,-0.0021715527
2003-05-30,-4.08659954141153,-4.036953875922242,-3.3699248809383464,-0.7166746604731835,0.0022283514,0.2583755061,0.0064434107,0.0107,0.0436,0.0592,0.0329,0.011599999999999992,-0.0121,-0.0016322089
2003-06-30,-4.099086369390221,-4.087817481759367,-3.339527230353939,-0.7595591390362824,0.001997741,0.2544883373,0.0012557291,0.0092,0.0452,-0.0154,0.036,0.012199999999999996,0.0011000000000000003,0.0010899183
2003-07-31,-4.106527817090342,-4.09044457223157,-3.317467376876076,-0.789060440214266,0.0020460594,0.2476433348,0.0002654383,0.009,0.0542,-0.0982,0.0452,0.011299999999999998,0.010099999999999998,0.0010887316
2003-08-29,-4.115669324352394,-4.097953980561758,-3.298438535127772,-0.8172307892246224,0.0009660247,0.2428560733,0.0029133312,0.0095,0.0532,0.0166,0.043699999999999996,0.011299999999999998,0.005299999999999999,0.0038064165
2003-09-30,-4.095158170620028,-4.107174403188013,-3.250983129171457,-0.8441750414485711,0.0018691217,0.2465417826,0.0073209622,0.0094,0.049,0.0546,0.0396,0.010700000000000001,-0.004300000000000005,0.0032502709
2003-10-31,-4.13273425911437,-4.079229990649424,-3.2203449584509345,-0.9123893006634356,0.001407576,0.2333089667,0.0072101414,0.0092,0.0518,-0.0283,0.0426,0.010299999999999997,0.008,-0.0010799136
2003-11-28,-4.124153197219051,-4.117049971863006,-3.1498416891913625,-0.9743115080276881,0.0009196333,0.2337541521,0.0100005134,0.0093,0.0519,-0.0027,0.0426,0.010100000000000005,0.0079,-0.0027027027
2003-12-31,-4.158235764316677,-4.108716865010207,-3.127343481579442,-1.0308922827372355,0.0008936987,0.2187398648,0.0069460961,0.009,0.0511,0.0139,0.0421,0.009800000000000003,0.0,-0.0010840108
2004-01-30,-4.163187152816102,-4.146058270553134,-3.1224214271047033,-1.040765725711398,0.0009788186,0.218027721,0.0068458213,0.0088,0.0499,0.0187,0.0411,0.009000000000000001,0.0,0.0048833424
2004-02-27,-4.163291268911948,-4.151156168082823,-3.1129833267840272,-1.0503079421279202,0.0006107119,0.2160532204,0.0093266154,0.0093,0.0483,0.023,0.03900000000000001,0.0077000000000000055,-0.0052,0.005399568
2004-03-31,-4.134909089068664,-4.151403309738653,-3.0753695736171793,-1.0595395154514842,0.0019812629,0.2817314655,0.0122458054,0.0094,0.0474,0.0141,0.038,0.007800000000000001,-0.0023,0.0064446831
2004-04-30,-4.107341142925132,-4.1242745364196765,-3.032181935731811,-1.075159207193321,0.0012309283,0.2853718668,0.01372988,0.0094,0.0531,-0.0588,0.0437,0.007300000000000008,0.005399999999999995,0.0032017076
2004-05-28,-4.108834951201214,-4.09682392699565,-3.018608577891972,-1.0902263733092417,0.0009776264,0.2864115739,0.0162862947,0.0102,0.0539,-0.0051,0.0437,0.007100000000000002,-0.002,0.0058510638
2004-06-30,-4.116251010338664,-4.098421821089351,-3.011493430974487,-1.1047575793641773,0.0007707514,0.279631603,0.0144483006,0.0127,0.0532,0.0121,0.040499999999999994,0.0076999999999999985,-0.0028000000000000004,0.0031729244
2004-07-30,-4.071356281732223,-4.106248519947554,-2.9670300456073972,-1.1043262361248263,0.0007770892,0.2877883095,0.0146751569,0.0133,0.0523,0.0155,0.039,0.007999999999999993,0.0029,-0.0015814444
2004-08-31,-4.063737571700008,-4.061452851128294,-2.9598343580943123,-1.1039032136056957,0.0014428366,0.2868206158,0.0142337474,0.0148,0.0493,0.0395,0.034499999999999996,0.008100000000000003,0.0,0.0005279831
2004-09-30,-4.063251594831171,-4.053931258028965,-2.9597633215243553,-1.1034882733068159,0.0007056802,0.2894853015,0.0090860657,0.0165,0.0488,0.0096,0.0323,0.008100000000000003,0.0005000000000000004,0.0021108179
2004-10-29,-4.072327186714972,-4.058410230836758,-2.9691897689932265,-1.103137417721746,0.0012304868,0.2910095966,0.0073817623,0.0176,0.0478,0.0154,0.0302,0.007400000000000004,0.0010000000000000009,0.0052659294
2004-11-30,-4.105377928103084,-4.0675091486419515,-3.0025881145994173,-1.1027898135036667,0.0008574002,0.2798316459,0.0121340937,0.0207,0.0502,-0.0234,0.029500000000000002,0.0068000000000000005,0.0034000000000000002,0.0005238345
2004-12-31,-4.132525483451191,-4.100582992257999,-3.0300800678063426,-1.1024454156448487,0.0007278431,0.2706192427,0.0129602109,0.0219,0.0484,0.025,0.0265,0.0068000000000000005,0.0006999999999999992,-0.0036649215
2005-01-31,-4.093574501467721,-4.1191902494362385,-2.9950011247207913,-1.0985733767469301,0.0008213965,0.2781798561,0.0135400966,0.0233,0.0465,0.03,0.0232,0.006599999999999995,-0.0023,0.0021019443
2005-02-28,-4.0991416931485265,-4.080414758274189,-3.0043552537561764,-1.0947864393923505,0.0008344462,0.2710410236,0.0117529562,0.0254,0.0479,-0.0128,0.0225,0.006200000000000004,0.0016000000000000007,0.0057682223
2005-03-31,-4.066850129556806,-4.086152881811334,-2.9757650694477737,-1.091085060109032,0.0008598957,0.3198568893,0.0090900057,0.0274,0.0488,-0.0072,0.021400000000000002,0.006600000000000002,-0.005300000000000001,0.0078206465
2005-04-29,-4.0350674050363455,-4.055380924384016,-2.9387649139666827,-1.0963024910696628,0.0018258706,0.3296244007,0.0079278087,0.0278,0.0461,0.0373,0.018300000000000004,0.007199999999999998,-0.0046,0.0067252975
2005-05-31,-4.053235642859484,-4.023723419474377,-2.9518627746473616,-1.1013728682121222,0.0008593927,0.3209655046,0.0047768683,0.0284,0.044,0.0297,0.015599999999999996,0.008600000000000003,-0.00020000000000000226,-0.0010277492
2005-06-30,-4.041880992686359,-4.042023680163258,-2.9355723911843956,-1.1063086015019636,0.0005421326,0.3269790569,0.0053659598,0.0297,0.0429,0.0167,0.0132,0.009000000000000001,-0.0026,0.0005144033
2005-07-29,-4.0685573219081475,-4.033220870043418,-2.9541359755037195,-1.114421346404428,0.0006499133,0.3157342746,0.0044914845,0.0322,0.0456,-0.0288,0.013400000000000002,0.008899999999999998,0.004399999999999998,0.0046272494
2005-08-31,-4.048686085560667,-4.0599715535330265,-2.9263543344911156,-1.1223317510695514,0.0006967007,0.3205331247,0.0054171288,0.0344,0.0432,0.0333,0.008800000000000002,0.0087,-0.010000000000000002,0.0051177073
2005-09-30,-4.047098312956557,-4.040173405529698,-2.917050782327637,-1.1300475306289202,0.0006598993,0.3178915098,0.0067287092,0.0342,0.0464,-0.0338,0.012199999999999996,0.009000000000000001,0.002799999999999997,0.0122199593
2005-10-31,-4.017700239881922,-4.0356002341956945,-2.882441462955091,-1.1352587769268303,0.0018179843,0.3218081871,0.0057613859,0.0371,0.0484,-0.0196,0.011299999999999998,0.009500000000000001,-0.0008000000000000021,0.0020120724
2005-11-30,-4.0409095510392135,-4.006328313362225,-2.9005879947013575,-1.1403215563378564,0.0005398964,0.3109143456,0.0057803274,0.0388,0.0481,0.0076,0.009299999999999996,0.0097,0.002300000000000001,-0.0080321285
2005-12-30,-4.028717143725602,-4.029669993739844,-2.8834661768721572,-1.1452509668534456,0.0004330003,0.3134779566,0.0030712058,0.0389,0.0461,0.0267,0.007200000000000005,0.009500000000000008,-0.004200000000000002,-0.004048583
2006-01-31,-4.045380316943824,-4.020232355713306,-2.89514800447013,-1.1502323124736935,0.0009753876,0.3092262579,-0.0004357115,0.0424,0.0474,-0.0118,0.0049999999999999975,0.009499999999999995,0.0025000000000000005,0.0076219512
2006-02-28,-4.0374154835234055,-4.036962489459253,-2.882315189076432,-1.155100294446973,0.000648551,0.3056103611,0.0020466898,0.0443,0.0457,0.0238,0.0013999999999999985,0.009200000000000007,-0.011000000000000001,0.0020171457
2006-03-31,-4.040107047764665,-4.029072313795206,-2.8802369383656856,-1.1598701093989794,0.0005452381,0.3160094407,0.0021608169,0.0451,0.0507,-0.0539,0.005600000000000001,0.008800000000000002,0.013500000000000005,0.0055359839
2006-04-28,-4.042679830428181,-4.0305974567530365,-2.884005270068596,-1.158674560359585,0.0005998005,0.3088419778,-0.0034663477,0.046,0.0532,-0.0247,0.007199999999999998,0.008399999999999998,0.0023,0.0085085085
2006-05-31,-4.0018592136936455,-4.033264127279537,-2.8443562217223732,-1.1575029919712723,0.001355149,0.3143403075,-0.0026480401,0.0472,0.0535,0.001,0.0063,0.008000000000000007,-0.003,0.0049627792
2006-06-30,-3.9926136771991367,-3.9925270729137456,-2.836264759180689,-1.1563489180184479,0.0021028205,0.3148502899,-0.0021864728,0.0479,0.0531,0.0092,0.005200000000000003,0.008899999999999998,-0.0053,0.0019753086
2006-07-31,-3.9883561986469678,-3.983283274455009,-2.8232448657662914,-1.1651113328806764,0.0014516649,0.3138521753,-0.002364212,0.0495,0.0518,0.0199,0.0022999999999999965,0.00909999999999999,0.003799999999999998,0.0029571217
2006-08-31,-4.000167361002613,-3.9791162364146206,-2.8265247138281007,-1.1736426471745123,0.0004692383,0.3084617987,-0.0084733019,0.0496,0.0496,0.0299,0.0,0.009099999999999997,0.006200000000000001,0.001965602
2006-09-29,-4.015277220726645,-3.991007844531342,-2.8333331251563987,-1.181944095570247,0.0005133772,0.3005932835,-0.0094933356,0.0481,0.0484,0.017,0.00030000000000000165,0.009199999999999993,0.001299999999999999,-0.0049043649
2006-10-31,-4.035455834017739,-4.004433997100513,-2.8519591544775595,-1.18349667954018,0.0004505773,0.2905991608,-0.0089347348,0.0492,0.0481,0.0077,-0.0011000000000000038,0.00909999999999999,0.004999999999999999,-0.0054213898
2006-11-30,-4.041065492421904,-4.024732987299544,-2.8560476285762615,-1.185017863845642,0.0005922029,0.2872418677,-0.0151059716,0.0494,0.0467,0.0207,-0.002700000000000001,0.0087,0.0039000000000000007,-0.0014866204
2006-12-29,-4.042989223647789,-4.030452387730942,-2.8564885381941956,-1.186500685453593,0.0003575089,0.2816823997,-0.0150318062,0.0485,0.0491,-0.0236,0.0005999999999999964,0.009000000000000001,0.00040000000000000105,0.0014888337
2007-01-31,-4.048813680832068,-4.034852508307541,-2.8637649510968846,-1.1850487297351835,0.0004504848,0.2781442105,-0.0139825463,0.0498,0.0502,-0.0102,0.0004000000000000045,0.009399999999999999,0.0051,0.0030525273
2007-02-28,-4.018650377937403,-4.040738683601793,-2.83503748585796,-1.1836128920794438,0.001476815,0.2861484942,-0.0151356164,0.0503,0.0477,0.0335,-0.002599999999999998,0.008899999999999991,-0.004800000000000002,0.0053503676
2007-03-30,-4.020574470715256,-4.01064398679997,-2.838371395437049,-1.1822030752782071,0.001587551,0.2690500135,-0.0124806913,0.0494,0.0493,-0.0145,-0.00010000000000000286,0.009700000000000007,-0.008599999999999998,0.0091056959
2007-04-30,-4.054155754488722,-4.011775918251117,-2.8736782883805683,-1.1804774661081536,0.0005821437,0.2544561689,-0.0089050721,0.0487,0.0489,0.0085,0.0001999999999999988,0.0092,0.0055,0.0064961627
2007-05-31,-4.077460811230365,-4.045430087482304,-2.8986845584045717,-1.1787762528257928,0.0006965496,0.2439114941,-0.0102762607,0.0473,0.051,-0.02,0.003699999999999995,0.0092,0.0022000000000000006,0.0061107187
2007-06-29,-4.050837513699607,-4.068814444519598,-2.873733350388295,-1.1771041633113115,0.001472429,0.24789561,-0.0110574783,0.0461,0.0521,-0.0091,0.005999999999999998,0.009100000000000004,-0.0057,0.0019379752
2007-07-31,-4.00809518980528,-4.0405996906464665,-2.866348392651859,-1.1417467971534214,0.0024262621,0.2515849644,-0.0152554672,0.0482,0.0501,0.0284,0.001899999999999999,0.009200000000000007,-0.0316,-0.0002543772
2007-08-31,-4.010738933438122,-3.9979573743728434,-2.904898019748221,-1.1058409136899012,0.0051340441,0.2488398512,-0.0121935629,0.042,0.0487,0.0199,0.006699999999999998,0.008600000000000003,-0.004700000000000001,-0.0018339022
2007-09-28,-4.0358748530557556,-4.000706569418265,-2.9665159668553223,-1.0693588862004337,0.0018684314,0.2392074367,-0.013010957,0.0389,0.0489,0.0012,0.010000000000000002,0.0085,0.0123,0.0027559074
2007-10-31,-4.041316530477587,-4.026602972688879,-3.035338660470889,-1.0059778700066988,0.0016828912,0.2386170601,-0.0179532052,0.039,0.048,0.0155,0.009000000000000001,0.008199999999999999,-0.006699999999999999,0.0021391913
2007-11-30,-3.9870834004214966,-4.0321261897909135,-3.0475011327014174,-0.9395822677200791,0.0056368201,0.2485796916,-0.0252099346,0.0327,0.0445,0.0468,0.011799999999999998,0.009600000000000004,-0.038900000000000004,0.0059396179
2007-12-31,-3.9693144296374907,-3.9779803594422924,-3.099512531066547,-0.8698018985709437,0.002345333,0.2505829731,-0.0415914375,0.03,0.045,-0.0029,0.015,0.011600000000000006,0.0057,-0.0006708631
2008-01-31,-3.899372592549001,-3.9624865021512785,-3.0659948824578436,-0.8333777100911575,0.0048317986,0.2627544223,-0.0441865769,0.0275,0.0436,0.0213,0.0161,0.0121,-0.0196,0.0049705765
2008-02-29,-3.8572112618286343,-3.892590969670716,-3.0611141594247995,-0.7960971024038348,0.0032256551,0.270979321,-0.050637917,0.0212,0.0438,0.0018,0.0226,0.012899999999999995,-0.0089,0.0029041122
2008-03-31,-3.8444979075018217,-3.850475319743196,-3.0865952614563037,-0.757902646045518,0.0063376489,0.2540575672,-0.0528770419,0.0126,0.0432,0.0106,0.030600000000000002,0.0138,-0.0165,0.0086682129
2008-04-30,-3.886130427068993,-3.8396794874089366,-3.184119287166066,-0.7020111399029272,0.0029036914,0.2430146964,-0.0498332126,0.0129,0.0458,-0.0288,0.0329,0.014199999999999997,0.0379,0.0060647784
2008-05-30,-3.8919561990312803,-3.8813386123786304,-3.2485594760176,-0.6433967230136801,0.0016406621,0.2465106122,-0.0463804743,0.0173,0.0475,-0.0164,0.0302,0.013600000000000001,-0.011299999999999998,0.008420886
2008-06-30,-3.7973002030683567,-3.887183753499402,-3.2155610124344864,-0.5817391906338703,0.0034251768,0.2744913881,-0.0483725324,0.0186,0.046,0.022,0.0274,0.013899999999999996,-0.0281,0.0100769969
2008-07-31,-3.78574586323079,-3.7956541637172463,-3.241456415926595,-0.544289447304195,0.004465911,0.2738156551,-0.0479465344,0.0163,0.0465,-0.0025,0.0302,0.014899999999999997,-0.0084,0.0052510111
2008-08-29,-3.7962158549133607,-3.7840990574526474,-3.290704482668162,-0.5055113722451985,0.0034478913,0.2698892455,-0.0474507831,0.0172,0.0449,0.0242,0.027700000000000002,0.015099999999999995,-0.0121,-0.0039915623
2008-09-30,-3.6993944355899635,-3.794575222364339,-3.234089218311848,-0.46530521727811536,0.0237746954,0.2871235482,-0.0503141122,0.0113,0.0443,0.0112,0.033,0.016599999999999997,-0.0975,-0.0013830185
2008-10-31,-3.519168693105829,-3.704805179551816,-3.3038491627690285,-0.2153195303368003,0.0580884926,0.3340993736,-0.0576541915,0.0067,0.0478,-0.0383,0.041100000000000005,0.02600000000000001,-0.006699999999999998,-0.0101013333
2008-11-28,-3.446807022611989,-3.524605369029078,-3.5699089499747534,0.12310192736276448,0.0362570851,0.3528673559,-0.0545507177,0.0019,0.0372,0.1443,0.0353,0.030900000000000004,-0.026900000000000007,-0.0191528953
2008-12-31,-3.4600680761373637,-3.4522769403600817,-4.105981340622804,0.64591326448544,0.0200899467,0.3549842247,-0.0247680042,0.0003,0.0303,0.0967,0.03,0.0338,0.059300000000000005,-0.0103424738
2009-01-30,-3.3838986057625684,-3.47344849127364,-4.214464503193927,0.8305658974313586,0.0119710969,0.3893931402,-0.0253466663,0.0013,0.0394,-0.1124,0.038099999999999995,0.030899999999999997,0.0175,0.0043524174
2009-02-27,-3.28100756237336,-3.3974641061938744,-4.345202008048076,1.0641944456747159,0.0099611624,0.441103055,-0.0252595038,0.003,0.0401,-0.0056,0.037099999999999994,0.0281,-0.0252,0.004972933
2009-03-31,-3.376708686394564,-3.29475595017992,-4.756238235173014,1.37952954877845,0.0203644278,0.2965282852,-0.0377581365,0.0021,0.0355,0.0641,0.0334,0.029199999999999997,-0.0659,0.0024317485
2009-04-30,-3.487005638472275,-3.397233423551305,-4.814910194480225,1.3279045560079503,0.0075510657,0.2762275775,-0.0313604081,0.0016,0.041,-0.0649,0.039400000000000004,0.03,0.0619,0.0024963683
2009-05-29,-3.559677217720816,-3.5079566592999343,-4.836482331761346,1.2768051140405294,0.0063810914,0.2654320479,-0.0247790375,0.0018,0.0432,-0.0248,0.0414,0.025200000000000007,0.0737,0.0028887638
2009-06-30,-3.5812763173013256,-3.5810805012372553,-4.807398800540686,1.2261224832393607,0.0034725229,0.2671078489,-0.022539012,0.0018,0.0429,0.0083,0.0411,0.0189,0.0267,0.0085898923
2009-07-31,-3.6750931236510267,-3.6035711465621345,-4.677399457487832,1.0023063338368052,0.0037711532,0.2460047909,-0.0141895962,0.0018,0.043,0.0019,0.041199999999999994,0.016800000000000002,0.0546,-0.0015855869
2009-08-31,-3.7309097776721583,-3.697900456324022,-4.542775429003003,0.8118656513308449,0.0021777354,0.2375940895,-0.0081732327,0.0017,0.0415,0.0231,0.0398,0.013199999999999996,0.00040000000000000105,0.00224285
2009-09-30,-3.7893453698433657,-3.7542452656874197,-4.43434213370493,0.6449967638615641,0.0019126576,0.232310024,-6.33741e-05,0.0012,0.0403,0.0176,0.0391,0.011800000000000005,0.0097,0.0006254807
2009-10-30,-3.790471495555785,-3.8104313607779625,-3.7105270736503346,-0.07994442190545037,0.0038980191,0.2322992609,0.0031459493,0.0007,0.042,-0.0171,0.0413,0.0114,0.0187,0.0009631012
2009-11-30,-3.8677863497090965,-3.8120073341262892,-3.3572969726902486,-0.5104893770188479,0.0020013324,0.2181048716,0.0074640339,0.0005,0.0406,0.0208,0.0401,0.011300000000000004,-0.016399999999999998,0.0007077534
2009-12-31,-3.90741521773321,-3.8898006710322277,-3.085462141619366,-0.8219530761138438,0.0009334541,0.2163645169,0.0105338212,0.0005,0.0458,-0.0584,0.0453,0.011100000000000006,0.0309,-0.0017611982
2010-01-29,-3.877221687630938,-3.914896828690259,-2.984684176994636,-0.892537510636302,0.0019917045,0.2241170201,0.0133501504,0.0006,0.0441,0.0264,0.0435,0.009899999999999999,-0.016800000000000002,0.0034174736
2010-02-26,-3.9128744393304187,-3.8847596952937584,-2.9534428052043644,-0.9594316341260543,0.0023732563,0.2185184683,0.0138626995,0.0011,0.0441,0.0032,0.043000000000000003,0.009899999999999999,0.0006999999999999997,0.0002492074
2010-03-31,-3.9776024610480456,-3.920469700402563,-2.9545460653337354,-1.0230563957143102,0.0006334369,0.3818781703,0.0263372317,0.0015,0.0458,-0.0179,0.0443,0.010000000000000009,0.0224,0.0041062835
2010-04-30,-3.990233510131284,-3.97558204181942,-2.935999604912668,-1.0542339052186156,0.0017938674,0.3766061292,0.0266170506,0.0016,0.0437,0.0304,0.042100000000000005,0.009599999999999997,0.005300000000000003,0.0017368849
2010-05-28,-3.902680964159568,-3.9882126177933386,-2.8183383423124253,-1.0843426218471426,0.0081077913,0.4090027948,0.0256826975,0.0016,0.0407,0.0437,0.0391,0.0109,-0.0488,0.0007751974
2010-06-30,-3.845280305272236,-3.900668685404612,-2.7318191201622195,-1.1134611851100167,0.0055917262,0.4241765415,0.018726384,0.0012,0.0376,0.0446,0.0364,0.013499999999999998,0.007300000000000001,-0.0009762671
2010-07-30,-3.9070291411573845,-3.8405133578827955,-2.7749633622702055,-1.132065778887179,0.0033488263,0.3961335532,0.0155178148,0.0016,0.0377,0.0024,0.0361,0.012900000000000002,0.014600000000000002,0.0002110431
2010-08-31,-3.8536685117614584,-3.9022803149318404,-2.70351521842354,-1.1501532933379184,0.0027046066,0.4139816191,0.011120043,0.0016,0.0327,0.0702,0.0311,0.011699999999999995,-0.022899999999999997,0.0013806643
2010-09-30,-3.932875079099645,-3.8489466040043627,-2.7651158376539726,-1.1677592414456726,0.0023371919,0.3843057828,0.0032391646,0.0015,0.0341,-0.0153,0.0326,0.011299999999999998,0.0008999999999999998,0.0005817362
2010-10-29,-3.9634782206598893,-3.927285219949202,-2.7761615152711245,-1.1873167053887648,0.0010800444,0.3728872859,0.0071447693,0.0013,0.0367,-0.0317,0.0354,0.0104,0.0114,0.0012451989
2010-11-30,-3.9556221008707078,-3.9579150103577683,-2.7493381887257273,-1.2062839121449804,0.0017379156,0.3766947543,0.0147596386,0.0014,0.038,-0.0137,0.0366,0.010500000000000002,0.008,0.0004206464
2010-12-31,-4.013350585608876,-3.95009406838695,-2.788651650765824,-1.2246989348430524,0.00083212,0.3581003169,0.0125735064,0.0014,0.0414,-0.0388,0.04,0.010799999999999997,0.0352,0.0017184408
2011-01-31,-4.025500988104683,-4.003108002848165,-2.794123324700265,-1.2313776634044178,0.0008632404,0.3486322237,0.0153358819,0.0015,0.0432,-0.0196,0.0417,0.010500000000000002,-0.00020000000000000226,0.0047632301
2011-02-28,-4.046818848115427,-4.015362253075283,-2.80894018122083,-1.2378786668945971,0.0010655488,0.3390965735,0.0158965366,0.0013,0.0426,0.0113,0.041299999999999996,0.009299999999999996,0.004399999999999999,0.004931365
2011-03-31,-4.035734025465327,-4.036781876148265,-2.7915249471788766,-1.2442090782864503,0.0023472688,0.3542699394,0.0124542545,0.001,0.0429,-0.0006,0.0419,0.009000000000000001,-0.0066,0.009751072
2011-04-29,-4.05096961450831,-4.022872698141181,-2.80918214342139,-1.2417874710869201,0.0006365422,0.3406968012,0.009363301,0.0006,0.0416,0.0199,0.040999999999999995,0.008599999999999997,0.004,0.0064394295
2011-05-31,-4.024674548653017,-4.038267442552654,-2.7852561874892148,-1.2394183611638026,0.0009341908,0.3472221891,0.0090947339,0.0004,0.0391,0.0355,0.038700000000000005,0.008199999999999999,-0.009799999999999996,0.0047041875
2011-06-30,-3.9937095752144396,-4.012135808516337,-2.756603765567897,-1.2371058096465424,0.0022947485,0.3515700392,0.0117181203,0.0004,0.0409,-0.0179,0.0405,0.007600000000000003,-0.003100000000000002,-0.0010709671
2011-07-29,-3.960563641813106,-3.982272009248533,-2.722610372553019,-1.2379532692600868,0.0018307592,0.359418903,0.012368431,0.0004,0.0378,0.0422,0.0374,0.008300000000000002,0.0051,0.0008860457
2011-08-31,-3.890787924202854,-3.9492554158219746,-2.652008111017097,-1.2387798131857566,0.0192221988,0.3758125221,0.0127669282,0.0002,0.0315,0.0862,0.0313,0.009899999999999999,-0.0622,0.0027575889
2011-09-30,-3.805139018080491,-3.8796061456232738,-2.5655505527973936,-1.2395884652830973,0.0069157356,0.399922847,0.0130924463,0.0001,0.0265,0.0704,0.0264,0.011799999999999998,-0.012900000000000002,0.0015184621
2011-10-31,-3.8911109829902903,-3.7888043913397,-2.6679721200158024,-1.223138862974488,0.0074008814,0.3650779046,0.0079284603,0.0002,0.0291,-0.0306,0.028900000000000002,0.013899999999999996,0.04,-0.0020626826
2011-11-30,-3.869971254761377,-3.875042738198058,-2.6630156253678416,-1.2069556293935353,0.0076795427,0.3623298975,-0.0043355703,0.0001,0.0273,0.0251,0.027200000000000002,0.012700000000000003,-0.060700000000000004,-0.0008435613
2011-12-30,-3.8626498899186408,-3.854153336424494,-2.6716271808746503,-1.1910227090439904,0.0027640646,0.3572325407,-0.0064950914,0.0001,0.0255,0.027,0.0254,0.013199999999999996,0.024200000000000003,-0.0024665164
2012-01-31,-3.8936730355344658,-3.8510130365233284,-2.7082102248775124,-1.1854628106569534,0.0006481559,0.3454873026,-0.0130701362,0.0003,0.0249,0.0002,0.024599999999999997,0.0138,0.019200000000000002,0.0044001914
2012-02-29,-3.9219536759391684,-3.882166344552751,-2.7419573076867767,-1.1799963682523917,0.0006236909,0.3369739354,-0.0144668423,0.0009,0.0272,-0.0196,0.026299999999999997,0.012900000000000002,0.0253,0.0044029736
2012-03-30,-3.941433075768606,-3.9105815400060346,-2.7668048605310736,-1.1746282152375325,0.0011553018,0.3461819674,-0.0137731185,0.0008,0.0297,-0.0302,0.028900000000000002,0.012400000000000001,-9.99999999999994e-05,0.0075945586
2012-04-30,-3.922193224394672,-3.9297189691907204,-2.7616163830794695,-1.1605768413152027,0.0016275337,0.3461403112,-0.0124042349,0.0008,0.0268,0.0409,0.026000000000000002,0.012299999999999998,-0.015799999999999998,0.0030210295
2012-05-31,-3.8459119289243993,-3.9106111790948686,-2.6992587411420415,-1.1466531877823578,0.0014960927,0.3690473597,-0.0160615388,0.0009,0.0221,0.0643,0.0212,0.012700000000000003,-0.029899999999999996,-0.0011734794
2012-06-29,-3.8732586852868693,-3.834466024043032,-2.740399644017023,-1.1328590412698465,0.0034372579,0.3551038851,-0.0198201448,0.0009,0.0233,-0.0136,0.0224,0.0138,0.02,-0.0014663969
2012-07-31,-3.870941206478852,-3.858422257506141,-2.75831643818156,-1.1126247682972918,0.0015528655,0.3515937051,-0.021091208,0.001,0.0216,0.0247,0.0206,0.014699999999999998,0.0365,-0.0016297859
2012-08-31,-3.8758888575375328,-3.8563182555331506,-2.783315330089006,-1.0925735274485269,0.0007271255,0.3493870523,-0.0205355781,0.001,0.0223,-0.0068,0.0213,0.0143,-0.0024999999999999996,0.0055651582
2012-09-28,-3.885427095727564,-3.8614800386773633,-2.8127191482018485,-1.0727079475257155,0.001044683,0.3403829538,-0.0181530818,0.0011,0.0235,-0.0146,0.0224,0.013499999999999998,0.002,0.0044622123
2012-10-31,-3.8469462252435718,-3.866934061302072,-2.792693162582035,-1.054253062661537,0.0009255257,0.3492371221,-0.0164432895,0.001,0.0238,-0.0014,0.0228,0.011099999999999999,0.022,-0.0003889251
2012-11-30,-3.831631641462638,-3.8287889827249777,-2.7954965172332216,-1.0361351242294163,0.0019026506,0.3511375309,-0.012810835,0.0009,0.0228,0.0144,0.0219,0.010099999999999998,-0.0236,-0.0047380867
2012-12-31,-3.8208416606685347,-3.813798213557077,-2.802501817738017,-1.0183398429305175,0.0010357123,0.3490324432,-0.0122580261,0.0007,0.0246,-0.0202,0.0239,0.009800000000000003,0.013999999999999999,-0.0026930645
2013-01-31,-3.8608520393132566,-3.811654278620678,-2.8471244632085186,-1.013727576104738,0.0009067699,0.3299840266,-0.0086791445,0.0007,0.0291,-0.0332,0.0284,0.009300000000000003,0.001899999999999999,0.0029573042
2013-02-28,-3.862751321608627,-3.851751439720471,-2.8535712116926213,-1.0091801099160058,0.0012427657,0.3254312323,-0.0095256563,0.001,0.0285,0.0114,0.0275,0.009500000000000001,-0.002100000000000001,0.0081900295
2013-03-28,-3.889088163692632,-3.853732796562549,-2.8843929422629806,-1.0046952214296514,0.0004844991,0.3461299966,-0.009549838,0.0009,0.0287,-0.0062,0.0278,0.0092,0.004399999999999999,0.0026145086
2013-04-30,-3.895100458039268,-3.877176295922343,-2.890040434509057,-1.005060023530211,0.0016827298,0.3400362539,-0.0086683749,0.0006,0.0264,0.0378,0.0258,0.008600000000000003,-0.0029,-0.0010396395
2013-05-31,-3.903878988924264,-3.883328814172688,-2.8984617172197638,-1.0054172717045002,0.0010155597,0.3338325978,-0.0046897183,0.0004,0.0309,-0.0629,0.0305,0.008400000000000005,0.009299999999999996,0.0017804078
2013-06-28,-3.87713135296744,-3.8922443059651415,-2.8713663205477857,-1.0057650324196543,0.0022476411,0.338444358,0.0001455983,0.0005,0.033,-0.0285,0.0325,0.0092,-0.0086,0.0023997081
2013-07-31,-3.9140746658098444,-3.8657969079328702,-2.9071876236556156,-1.0068870421542289,0.0005020771,0.3255625651,0.0083903967,0.0004,0.0344,-0.0173,0.034,0.009799999999999996,0.020399999999999998,0.0003939975
2013-08-30,-3.8710689902532027,-3.9028672519365215,-2.8630861633969706,-1.007982826856232,0.0009504377,0.3407133274,0.0103574955,0.0004,0.0351,-0.0079,0.0347,0.008799999999999995,0.0005000000000000004,0.0012029316
2013-09-30,-3.8893013360473287,-3.859985791659327,-2.8802480400603327,-1.009053295986996,0.0006222294,0.3335214846,0.010143778,0.0002,0.0349,0.0061,0.0347,0.008300000000000002,-0.0047,0.0011630045
2013-10-31,-3.9272475619419787,-3.8836175840298957,-2.9034948246652066,-1.023752737276772,0.0014383614,0.324594825,0.0096467561,0.0005,0.0342,0.0128,0.0337,0.007800000000000001,0.0083,-0.0025752833
2013-11-29,-3.9492620859245693,-3.9215988063603633,-2.911181081761332,-1.0380810041632373,0.0006444174,0.3136852784,0.0103455674,0.0007,0.0361,-0.0236,0.0354,0.0075,0.015,-0.0020424242
2013-12-31,-3.9669345744899545,-3.9436450596354513,-2.9148858497736025,-1.052048724716352,0.000745536,0.3044081256,0.012168529,0.0007,0.0378,-0.0207,0.0371,0.007600000000000003,0.0209,-8.58115e-05
2014-01-31,-3.919000658334378,-3.9552320548613253,-2.8764941138105122,-1.042506544523866,0.0013035689,0.3214292767,0.0137911111,0.0004,0.0342,0.0548,0.033800000000000004,0.006999999999999999,-0.021700000000000004,0.0037202477
2014-02-28,-3.9496468872283876,-3.907433505070839,-2.916552807245848,-1.0330940799825394,0.0012535627,0.3091630718,0.0166176547,0.0005,0.0339,0.0074,0.0334,0.006499999999999999,0.009399999999999999,0.0036979087
2014-03-31,-3.9451202448868274,-3.9382120044642637,-2.9213100000773107,-1.0238102448095168,0.0008690643,0.3506160657,0.0164630726,0.0005,0.0337,0.0063,0.0332,0.0068000000000000005,-0.00010000000000000026,0.0064400441
2014-04-30,-3.9407498599834705,-3.9345682089549987,-2.9200164376540005,-1.02073342232947,0.0013626644,0.3480113191,0.016696287,0.0003,0.0326,0.0181,0.032299999999999995,0.006600000000000002,-0.002100000000000001,0.0032967545
2014-05-30,-3.951120205880047,-3.9303080078621124,-2.9334098635961006,-1.0177103422839466,0.0005551927,0.345173256,0.0140260119,0.0003,0.0309,0.0279,0.0306,0.006000000000000005,-0.0091,0.0034926098
2014-06-30,-3.9596625638348883,-3.940783585080102,-2.9449237336477925,-1.0147388301870959,0.0002819987,0.3429284585,0.0139312308,0.0004,0.0313,-0.0025,0.0309,0.005499999999999998,0.0045000000000000005,0.0018621269
2014-07-31,-3.9345839174912025,-3.9497786378546382,-2.9205903321946236,-1.013993585296579,0.000949121,0.3483798518,0.0084728432,0.0003,0.031,0.0057,0.030699999999999998,0.005700000000000004,-0.0033000000000000004,-0.000390194
2014-08-29,-3.9617603977527978,-3.924796728145819,-2.9484990327196225,-1.0132613650331752,0.000546197,0.337476204,0.0067699299,0.0003,0.0287,0.0369,0.028399999999999998,0.006099999999999994,-0.0013000000000000025,-0.0016705142
2014-09-30,-3.9364326114578594,-3.9520680698061064,-2.9238889187701522,-1.0125436926877072,0.0007210135,0.3385761813,0.008024088,0.0002,0.03,-0.017,0.0298,0.006900000000000003,-0.010099999999999998,0.0007525688
2014-10-31,-3.9511884192011726,-3.9282520247616466,-2.9583743826707867,-0.9928140365303859,0.0029439644,0.3318083646,0.0080682284,0.0002,0.0282,0.03,0.028,0.0076999999999999985,-0.0075,-0.0025122778
2014-11-28,-3.967311681268297,-3.943074211848858,-2.99429489658187,-0.9730167846864268,0.0001502621,0.323661786,0.0069253154,0.0002,0.0264,0.0286,0.0262,0.0087,-0.011300000000000001,-0.0053994179
2014-12-31,-3.9550680115314343,-3.9592653199817214,-3.00191971869185,-0.9531482928395842,0.0019928413,0.3237556717,0.0056560064,0.0003,0.0246,0.029,0.0243,0.009499999999999995,-0.010700000000000001,-0.0056701009
2015-01-30,-3.9120781450693016,-3.943610966871927,-2.9804066270813676,-0.931671517987934,0.0022266481,0.3361687625,0.0002129631,0.0003,0.02,0.0709,0.0197,0.009899999999999999,-0.011000000000000003,-0.0047058924
2015-02-27,-3.954189750239276,-3.9007508788087235,-3.0439666406747916,-0.9102231095644844,0.0008135195,0.318227291,-0.0037625367,0.0002,0.0238,-0.0523,0.023600000000000003,0.009000000000000001,0.0203,0.0043430449
2015-03-31,-3.925440209690741,-3.9429893551771262,-3.0366421231569403,-0.8887980865338005,0.0017203796,0.3074540451,-0.0068998347,0.0003,0.023,0.0137,0.022699999999999998,0.009000000000000001,-0.0079,0.0059517216
2015-04-30,-3.9263129987546503,-3.9178283328402004,-3.0598103898358895,-0.8665026089187609,0.0005743378,0.3063442097,-0.0070845447,0.0002,0.0249,-0.025,0.0247,0.009599999999999997,0.002700000000000001,0.0020328733
2015-05-29,-3.9291954104731275,-3.9187586251412876,-3.085148563385629,-0.8440468470874984,0.0008870031,0.303449953,-0.0075095745,0.0002,0.0262,-0.0159,0.026000000000000002,0.009099999999999997,-0.0045000000000000005,0.005097232
2015-06-30,-3.900462015887384,-3.921697677800971,-3.0790407579145427,-0.8214212579728413,0.0010521363,0.3101868327,-0.0080982771,0.0002,0.0285,-0.0298,0.028300000000000002,0.009399999999999999,-0.0022000000000000006,0.00350287
2015-07-31,-3.913895146173752,-3.8943454528920864,-3.1136297493655176,-0.8002653968082343,0.0011597781,0.3089532648,-0.0080701761,0.0003,0.0263,0.0329,0.026,0.010499999999999995,-0.008999999999999998,6.70472e-05
2015-08-31,-3.8431886851151016,-3.907813401566236,-3.0642728835174484,-0.7789158015976532,0.0058469964,0.3306709874,-0.0095350372,0.0007,0.0264,0.0012,0.0257,0.011500000000000003,-0.0079,-0.0014162763
2015-09-30,-3.8103473380226354,-3.8371460570103513,-3.052979844387055,-0.7573674936355803,0.0040534792,0.3356119548,-0.0129888187,0.0002,0.0253,0.0174,0.0251,0.012700000000000003,-0.0040999999999999995,-0.0015567566
2015-10-30,-3.8832095757389866,-3.803490232598064,-3.14800097272518,-0.7352086030138065,0.001618901,0.3094136283,-0.0162028983,0.0002,0.0259,-0.0053,0.0257,0.013900000000000003,0.0073,-0.0004496838
2015-11-30,-3.876904005779771,-3.8763991701651577,-3.164044243888327,-0.7128597618914441,0.0011187215,0.3084291577,-0.0178043359,0.0012,0.0265,-0.0065,0.0253,0.014000000000000005,0.0085,-0.0021106804
2015-12-31,-3.852453996294733,-3.8701396682647125,-3.1621434220666673,-0.6903105742280657,0.0028385655,0.3136488144,-0.0216044089,0.0023,0.0268,-0.0022,0.0245,0.014900000000000004,0.0022,-0.0034170964
2016-01-29,-3.796643475274849,-3.8487111162142003,-3.1104225418081297,-0.6862209334667191,0.0043012482,0.3319106296,-0.0202564289,0.0026,0.0236,0.0476,0.020999999999999998,0.014499999999999999,-0.040900000000000006,0.0016531022
2016-02-29,-3.7887776516826785,-3.792914552122737,-3.106632522333566,-0.6821451293491125,0.0026015071,0.3309018254,-0.0240177941,0.0031,0.0217,0.0294,0.018600000000000002,0.0138,-0.006200000000000001,0.0008230765
2016-03-31,-3.8489698458296298,-3.7850648609097473,-3.1708845085871022,-0.6780853372425275,0.0012741767,0.3279547913,-0.0229933986,0.0029,0.0218,-0.0003,0.0189,0.0131,0.0426,0.0043060001
2016-04-29,-3.8472378798285076,-3.8445421467606913,-3.171730957725215,-0.6755069221032928,0.000817784,0.3263208887,-0.0235486375,0.0023,0.0223,-0.0053,0.02,0.011699999999999995,0.0199,0.004741068
2016-05-31,-3.8580403717363727,-3.842831957998395,-3.185093501072908,-0.6729468706634649,0.0009955771,0.3260721193,-0.0269996206,0.0027,0.0219,0.0082,0.0192,0.010300000000000004,-0.006600000000000001,0.004045791
2016-06-30,-3.8545619598476257,-3.853651527710836,-3.184161463780142,-0.6704004960674839,0.0028644366,0.3234753617,-0.0286768353,0.0027,0.0179,0.059,0.015199999999999998,0.010299999999999997,-0.0213,0.0032843662
2016-07-29,-3.8853193459788016,-3.8503289070350353,-3.2108648900545163,-0.6744544559242853,0.0004776474,0.3146611589,-0.0316609346,0.003,0.0175,0.0081,0.014500000000000002,0.009399999999999999,0.0164,-0.0016181364
2016-08-31,-3.879884217037102,-3.8811041363975165,-3.2014249369087793,-0.6784592801283229,0.0002791676,0.3151974253,-0.0307200695,0.003,0.0186,-0.014,0.0156,0.0092,0.015600000000000001,0.0009184301
2016-09-30,-3.8744514556910716,-3.8756867008921767,-3.192037798818066,-0.6824136568730057,0.0016731028,0.3167938869,-0.0325444332,0.0029,0.0196,-0.0124,0.0167,0.009000000000000001,0.0004999999999999987,0.0024039959
2016-10-31,-3.8498499718063877,-3.8694667539110763,-3.152198105312163,-0.6976518664942248,0.0003640698,0.3196877815,-0.0289968044,0.0033,0.022,-0.0314,0.018699999999999998,0.0087,0.005099999999999997,0.0012467485
2016-11-30,-3.878495665531584,-3.8448921930661126,-3.1659795390992667,-0.7125161264323174,0.0009463678,0.3032857864,-0.0273605904,0.0045,0.0267,-0.0599,0.0222,0.0085,0.008900000000000005,-0.0015554609
2016-12-30,-3.89159726004634,-3.873560156994583,-3.1645798918586916,-0.7270173681876484,0.0005240215,0.2934790969,-0.0250115072,0.0051,0.0272,-0.0057,0.022099999999999998,0.0077000000000000055,0.0116,0.0003273214
2017-01-31,-3.904362209514227,-3.886635911421217,-3.162272359928581,-0.7420898495856463,0.0003355919,0.29197965,-0.0225615661,0.0051,0.0278,0.0043,0.022699999999999998,0.007400000000000004,-0.0063999999999999994,0.0058277279
2017-02-28,-3.935948452007874,-3.899425354398439,-3.179154095264133,-0.756794356743741,0.000223899,0.2786778326,-0.0186207191,0.0052,0.027,0.0137,0.0218,0.006899999999999996,0.0075,0.0031461174
2017-03-31,-3.9306486997944465,-3.9310380057345866,-3.159502787625346,-0.7711459121691004,0.0005753064,0.2815988893,-0.0161490996,0.0074,0.0274,-0.004,0.02,0.0067000000000000046,-0.0021999999999999997,0.0008127979
2017-04-28,-3.9337037899557137,-3.9246536493972757,-3.156232093790413,-0.7774716961653008,0.000390542,0.2778700263,-0.0154952214,0.008,0.0265,0.0145,0.0185,0.006999999999999999,0.0031000000000000003,0.0029655334
2017-05-31,-3.939254184497277,-3.927744466111686,-3.1555699620347566,-0.7836842224625205,0.0005030807,0.2769687672,-0.0101008557,0.0089,0.0256,0.0158,0.0167,0.006999999999999999,0.006799999999999997,0.0008547218
2017-06-30,-3.9381345642568983,-3.9333322817035463,-3.1483477298779183,-0.78978683437898,0.0004475632,0.2725452275,-0.0097025667,0.0098,0.0258,-0.001,0.016,0.006900000000000003,0.011800000000000001,0.000907111
2017-07-31,-3.9505865245495704,-3.931422563035877,-3.1577536497419976,-0.7928328748075728,0.0002588621,0.2658036788,-0.0131041772,0.0107,0.0262,-0.0027,0.015500000000000002,0.006900000000000003,0.0087,-0.0006899226
2017-08-31,-3.944463527501362,-3.9439171844450462,-3.14863625108387,-0.7958272764174921,0.0007533742,0.2651136136,-0.0121385107,0.0101,0.0242,0.0289,0.0141,0.0068000000000000005,-0.0136,0.0029944523
2017-09-29,-3.956959406016763,-3.9378404488135144,-3.1581839613439504,-0.7987754446728128,0.0002572432,0.2597061668,-0.0110122584,0.0103,0.0259,-0.0205,0.0156,0.006699999999999998,0.016800000000000002,0.0052949059
2017-10-31,-3.973666854299848,-3.951721255421543,-3.17145141118415,-0.8022154431156978,0.0002181465,0.2489061986,-0.0123430373,0.0107,0.0261,-0.0013,0.015400000000000002,0.007200000000000005,0.0089,-0.0006320421
2017-11-30,-3.972171163884507,-3.9684580532832507,-3.1665601176672107,-0.8056110462172965,0.0003553303,0.2397271007,-0.0122054167,0.0123,0.026,0.0036,0.013699999999999999,0.006999999999999999,-0.0015999999999999999,2.43247e-05
2017-12-29,-4.000753318924749,-3.966987310290994,-3.191796036882346,-0.8089572820424027,0.000244097,0.2353933431,-0.019900371,0.0132,0.0254,0.0102,0.012199999999999999,0.007100000000000002,0.0154,-0.0005878323
2018-01-31,-4.033759312268225,-3.9791018944812007,-3.1970914014308285,-0.8366679108373973,0.0007742701,0.2225191486,-0.0190635203,0.0141,0.0284,-0.0315,0.014300000000000002,0.007100000000000002,0.0072000000000000015,0.0054477455
2018-02-28,-3.9940331966323046,-4.033759312268225,-3.1573652857949073,-0.8366679108373973,0.0053616283,0.2324780656,-0.0183423893,0.0157,0.0301,-0.0224,0.0144,0.006900000000000003,-0.008900000000000002,0.00453469
2018-03-29,-3.9667806836785124,-3.9940331966323046,-3.130112772841115,-0.8366679108373973,0.0032467318,0.2473535337,-0.0182483062,0.017,0.0285,0.0259,0.0115,0.0076999999999999985,-0.0135,0.0022611259
2018-04-30,-3.9499433804975332,-3.947228268750404,-3.0736310477044313,-0.876312332793102,0.0023626805,0.2467389158,-0.0186283,0.0176,0.03,-0.0177,0.012399999999999998,0.008199999999999999,-0.0023,0.0039750916
2018-05-31,-3.9713215829001705,-3.9499433804975332,-3.0950092501070685,-0.876312332793102,0.0009227236,0.2441853089,-0.018956545,0.0186,0.0289,0.0164,0.0103,0.008300000000000002,-0.002400000000000001,0.0041589169
2018-06-29,-3.9761522963969727,-3.9713215829001705,-3.0998399636038707,-0.876312332793102,0.0006228576,0.2456383635,-0.0221277827,0.019,0.0291,0.0007,0.010100000000000001,0.0087,-0.013099999999999999,0.0015938757
2018-07-31,-3.9854339038570066,-3.9500459238802073,-3.072645735494718,-0.9127881683622885,0.0006544228,0.2345837049,-0.0171195397,0.0196,0.0302,-0.0131,0.010600000000000002,0.0092,0.0232,6.74633e-05
2018-08-31,-4.015248225520201,-3.9854339038570066,-3.102460057157913,-0.9127881683622885,0.0004712408,0.2296179766,-0.0214953989,0.0203,0.0293,0.0152,0.009000000000000001,0.008899999999999998,-0.0094,0.0005555423
2018-09-28,-4.019533332240523,-4.015248225520201,-3.1067451638782346,-0.9127881683622885,0.0002300751,0.2253352324,-0.0208705049,0.0213,0.0334,-0.0518,0.0121,0.009000000000000001,0.0398,0.0011620252
2018-10-31,-3.921035596183023,-3.992964945238684,-3.019593662308389,-0.9014419338746342,0.004577565,0.237380411,-0.0212222003,0.0225,0.0352,-0.0204,0.012700000000000003,0.009300000000000003,-0.0119,0.0017667635
2018-11-30,-3.938737372942318,-3.921035596183023,-3.037295439067684,-0.9014419338746342,0.0028376153,0.2334514075,-0.0245926607,0.0233,0.0317,0.0505,0.008399999999999998,0.010000000000000002,-0.0434,-0.0033493485
2018-12-31,-3.8424720858242423,-3.938737372942318,-2.941030151949608,-0.9014419338746342,0.0067930785,0.2555781655,-0.0192174493,0.0237,0.0284,0.0481,0.004700000000000003,0.011099999999999999,-0.011099999999999999,-0.0031939628
