date,index,lag_index_1,d12,e12,bm,tbl,aaa,baa,lty,ntis,infl,ltr,corpr,svar
1985-01-31,179.63,167.24,7.5733,16.5567,0.6902554458,0.0776,0.1208,0.1326,0.1127,-0.0299050052,0.0018993352,0.0364,0.0325,0.0016358537
1985-02-28,181.19,179.63,7.6167,16.4733,0.6917391609,0.0827,0.1213,0.1323,0.1209,-0.0245189175,0.0047393365,-0.0493,-0.0373,0.0007453029
1985-03-29,180.66,181.19,7.66,16.39,0.7236457791,0.0852,0.1256,0.1369,0.1181,-0.0248157693,0.0037735849,0.0307,0.0179,0.0008022605
1985-04-30,179.83,180.66,7.6867,16.13,0.7286615901,0.0795,0.1223,0.1351,0.1162,-0.022411793,0.0046992481,0.0242,0.0296,0.0004598982
1985-05-31,189.55,179.83,7.7133,15.87,0.6968929839,0.0748,0.1172,0.1315,0.1062,-0.0254809306,0.0037418148,0.0896,0.082,0.0008338607
1985-06-28,191.85,189.55,7.74,15.61,0.6864301439,0.0695,0.1094,0.124,0.1055,-0.0266075139,0.0027958993,0.0142,0.0083,0.0007415227
1985-07-31,190.92,191.85,7.7733,15.4833,0.6803220899,0.0708,0.1097,0.1243,0.1091,-0.024638663,0.0018587361,-0.018,-0.0121,0.0007186333
1985-08-30,188.63,190.92,7.8067,15.3567,0.687176258,0.0714,0.1105,0.125,0.1068,-0.0242274732,0.0018552876,0.0259,0.026,0.0006297046
1985-09-30,182.08,188.63,7.84,15.23,0.6899588298,0.071,0.1107,0.1248,0.1082,-0.0312943542,0.0027777778,-0.0021,0.0071,0.0008658483
1985-10-31,189.82,182.08,7.86,15.0233,0.6670256347,0.0716,0.1102,0.1236,0.1051,-0.0270693422,0.0036934441,0.0338,0.0329,0.0009117579
1985-11-29,202.17,189.82,7.88,14.8167,0.622703158,0.0724,0.1055,0.1199,0.1011,-0.027715873,0.0027598896,0.0401,0.037,0.0009430719
1985-12-31,211.28,202.17,7.9,14.61,0.5926926882,0.071,0.1016,0.1158,0.0956,-0.0194650815,0.0027522936,0.0541,0.0469,0.001230101
1986-01-31,211.78,211.28,7.94,14.58,0.5835173999,0.0707,0.1005,0.1144,0.0958,-0.0191717774,0.0027447392,-0.0025,0.0045,0.0019201437
1986-02-28,226.92,211.78,7.98,14.55,0.5363767217,0.0706,0.0967,0.1111,0.0841,-0.0179142569,-0.0027372263,0.1145,0.0752,0.0010893091
1986-03-31,238.9,226.92,8.02,14.52,0.5196276277,0.0656,0.09,0.105,0.0766,-0.0164196221,-0.0045745654,0.077,0.0256,0.0013737528
1986-04-30,235.52,238.9,8.0467,14.5833,0.5297144587,0.0606,0.0879,0.1019,0.0782,-0.0245847833,-0.0018382353,-0.008,0.0016,0.0024589753
1986-05-30,247.35,235.52,8.0733,14.6467,0.5035407708,0.0615,0.0909,0.1029,0.0848,-0.0218719553,0.0027624309,-0.0505,-0.0164,0.0013699394
1986-06-30,250.84,247.35,8.1,14.71,0.4992814574,0.0621,0.0913,0.1034,0.079,-0.0122932373,0.0055096419,0.0613,0.0218,0.0015965679
1986-07-31,236.12,250.84,8.1433,14.7567,0.5323014009,0.0583,0.0888,0.1016,0.0809,-0.0112860333,0.0,-0.0108,0.0031,0.0024158617
1986-08-29,252.93,236.12,8.1867,14.8033,0.497803344,0.0553,0.0872,0.1018,0.0763,-0.0096769523,0.001826484,0.0499,0.0275,0.0012606214
1986-09-30,231.32,252.93,8.23,14.85,0.5346292671,0.0521,0.0889,0.102,0.0827,-0.0051386604,0.0045578851,-0.05,-0.0114,0.0042073784
1986-10-31,243.98,231.32,8.2467,14.7267,0.5032458023,0.0518,0.0886,0.1024,0.0803,-0.0080245039,0.000907441,0.0289,0.0189,0.0009906128
1986-11-28,249.22,243.98,8.2633,14.6033,0.4936710845,0.0535,0.0868,0.1007,0.0779,-0.0021244383,0.0009066183,0.0267,0.0233,0.0017308775
1986-12-31,242.17,249.22,8.28,14.48,0.4984308658,0.0553,0.0849,0.0997,0.0789,-0.0113759993,0.0009057971,-0.0018,0.0117,0.0012623237
1987-01-30,274.08,242.17,8.3,14.6867,0.4378973513,0.0543,0.0836,0.0972,0.0778,-0.0058406587,0.0063348416,0.0161,0.0216,0.0024782853
1987-02-27,284.2,274.08,8.32,14.8933,0.4249119825,0.0559,0.0838,0.0965,0.0763,-0.0045059361,0.0035971223,0.0202,0.0058,0.0014122642
1987-03-31,291.7,284.2,8.34,15.1,0.4280402137,0.0559,0.0836,0.0961,0.0795,-0.0022174302,0.0044802867,-0.0223,-0.0087,0.001971102
1987-04-30,288.36,291.7,8.4,14.8733,0.4314718592,0.0564,0.0885,0.1004,0.0859,0.0044930045,0.005352364,-0.0473,-0.0502,0.0041938375
1987-05-29,290.1,288.36,8.46,14.6467,0.4304908862,0.0566,0.0933,0.1051,0.088,0.0069409582,0.0035492458,-0.0105,-0.0052,0.002489211
1987-06-30,304.0,290.1,8.52,14.42,0.4078923974,0.0567,0.0932,0.1052,0.0877,0.0052024616,0.0035366932,0.0098,0.0155,0.0010703865
1987-07-31,318.66,304.0,8.5667,14.9,0.3835432162,0.0569,0.0942,0.1061,0.0907,0.0018821969,0.0026431718,-0.0178,-0.0119,0.0008181618
1987-08-31,329.8,318.66,8.6133,15.38,0.37045382,0.0604,0.0967,0.108,0.0936,0.0019974361,0.0052724077,-0.0165,-0.0075,0.001776142
1987-09-30,321.83,329.8,8.66,15.86,0.3799667216,0.064,0.1018,0.1131,0.0992,0.0063503319,0.0052447552,-0.0369,-0.0422,0.0025348271
1987-10-30,251.79,321.83,8.71,16.4067,0.4948508425,0.0613,0.1052,0.1162,0.0926,0.0104777401,0.0026086957,0.0623,0.0507,0.0709451038
1987-11-30,230.3,251.79,8.76,16.9533,0.538027324,0.0569,0.1001,0.1123,0.0931,0.0098984399,0.0008673027,0.0037,0.0125,0.0067855095
1987-12-31,247.08,230.3,8.81,17.5,0.5088120155,0.0577,0.1011,0.1129,0.092,0.013274756,0.0,0.0165,0.0212,0.006852202
1988-01-29,257.07,247.08,8.8567,17.8633,0.5037738354,0.0581,0.0988,0.1107,0.0852,0.0084227445,0.0025996534,0.0666,0.0517,0.0091575845
1988-02-29,267.82,257.07,8.9033,18.2267,0.4761973721,0.0566,0.094,0.1062,0.0854,0.0087922636,0.0025929127,0.0052,0.0138,0.0019673518
1988-03-31,258.89,267.82,8.95,18.59,0.5075299538,0.057,0.0939,0.1057,0.0901,0.0060800302,0.0043103448,-0.0307,-0.0188,0.0016591879
1988-04-29,261.33,258.89,9.0433,19.6167,0.4964744899,0.0591,0.0967,0.109,0.0929,0.0050636719,0.0051502146,-0.016,-0.0149,0.0034595789
1988-05-31,262.16,261.33,9.1367,20.6433,0.4967702548,0.0626,0.099,0.1104,0.0952,0.0013473054,0.0034158839,-0.0102,-0.0057,0.0025557475
1988-06-30,273.5,262.16,9.23,21.67,0.4711188723,0.0646,0.0986,0.11,0.0917,-0.0053979214,0.0042553191,0.0368,0.0379,0.0023613319
1988-07-29,272.02,273.5,9.3067,22.0233,0.4739915349,0.0673,0.0996,0.1111,0.0947,-0.0028231284,0.0042372881,-0.017,-0.0111,0.0019106231
1988-08-31,261.52,272.02,9.3833,22.3767,0.4966406615,0.0706,0.1011,0.1121,0.095,-0.0062397522,0.0042194093,0.0058,0.0054,0.0013903256
1988-09-30,271.91,261.52,9.46,22.73,0.4775404537,0.0724,0.0982,0.109,0.0917,-0.0100015137,0.0067226891,0.0345,0.0326,0.0011927511
1988-10-31,278.97,271.91,9.5567,23.07,0.4695971889,0.0735,0.0951,0.1041,0.0889,-0.0104624725,0.0033388982,0.0308,0.0273,0.0016315103
1988-11-30,273.7,278.97,9.6533,23.41,0.4771791101,0.0776,0.0945,0.1048,0.0923,-0.0077649556,0.0008319468,-0.0196,-0.0169,0.001348001
1988-12-30,277.72,273.7,9.75,23.75,0.465283574,0.0807,0.0957,0.1065,0.0918,-0.0214057475,0.0016625104,0.011,0.0039,0.000628121
1989-01-31,297.47,277.72,9.837,24.1533,0.4307694935,0.0827,0.0962,0.1065,0.0903,-0.0223605106,0.0049792531,0.0203,0.0202,0.0009645843
1989-02-28,288.86,297.47,9.924,24.5567,0.4467784572,0.0853,0.0964,0.1061,0.0935,-0.024823372,0.0041288192,-0.0179,-0.0129,0.0011760704
1989-03-31,294.87,288.86,10.011,24.96,0.4686914136,0.0882,0.098,0.1067,0.0929,-0.0231021339,0.0057565789,0.0122,0.0064,0.0012864514
1989-04-28,309.64,294.87,10.13,25.0467,0.4444352572,0.0865,0.0979,0.1061,0.0918,-0.0228019666,0.0065412919,0.0159,0.0213,0.0009556104
1989-05-31,320.52,309.64,10.249,25.1333,0.4334415257,0.0843,0.0957,0.1046,0.0878,-0.0280362535,0.0056864338,0.0401,0.0379,0.0010730567
1989-06-30,317.98,320.52,10.368,25.22,0.440562937,0.0815,0.091,0.1003,0.0821,-0.0239366405,0.0024232633,0.055,0.0395,0.0014295365
1989-07-31,346.08,317.98,10.49,24.71,0.404035089,0.0788,0.0893,0.0987,0.0801,-0.0285255915,0.0024174053,0.0238,0.0178,0.0010188229
1989-08-31,351.45,346.08,10.612,24.2,0.3927270602,0.079,0.0896,0.0988,0.0841,-0.0248117061,0.001607717,-0.0259,-0.0163,0.0013804584
1989-09-29,349.15,351.45,10.734,23.69,0.3992097504,0.0775,0.0901,0.0991,0.0847,-0.0257365885,0.0032102729,0.0019,0.004,0.0005502051
1989-10-31,340.36,349.15,10.841,23.4167,0.4064149288,0.0764,0.0892,0.0981,0.081,-0.0243398197,0.0048,0.0379,0.0276,0.0056359504
1989-11-30,345.99,340.36,10.948,23.1433,0.3972257018,0.0769,0.0889,0.0981,0.0808,-0.0270221107,0.002388535,0.0078,0.007,0.0008448164
1989-12-29,353.4,345.99,11.055,22.87,0.3904547436,0.0763,0.0886,0.0982,0.0816,-0.0123231067,0.0015885624,-0.0006,0.0006,0.0009234427
1990-01-31,329.08,353.4,11.1427,22.47,0.4149713959,0.0764,0.0899,0.0994,0.0865,-0.0137919369,0.0103092784,-0.0343,-0.0191,0.0028921011
1990-02-28,331.89,329.08,11.2303,22.07,0.4091730897,0.0774,0.0922,0.1014,0.0876,-0.0116257085,0.0047095761,-0.0025,-0.0012,0.0010085723
1990-03-30,339.94,331.89,11.318,21.67,0.4713339564,0.079,0.0937,0.1021,0.0889,-0.0102754607,0.00546875,-0.0044,-0.0011,0.0010322537
1990-04-30,330.8,339.94,11.433,21.5333,0.480284256,0.0777,0.0946,0.103,0.0924,-0.0101328264,0.0015540016,-0.0202,-0.0191,0.0009667888
1990-05-31,361.23,330.8,11.548,21.3967,0.4435699735,0.0774,0.0947,0.1041,0.0883,-0.0019611745,0.0023273856,0.0415,0.0385,0.0013614738
1990-06-29,358.02,361.23,11.663,21.26,0.4429494323,0.0773,0.0926,0.1022,0.0864,-0.0004741595,0.0054179567,0.023,0.0216,0.0013508073
1990-07-31,356.15,358.02,11.72,21.42,0.4392124466,0.0762,0.0924,0.102,0.086,0.004918902,0.0038491147,0.0107,0.0102,0.001298437
1990-08-31,322.56,356.15,11.777,21.58,0.4880735629,0.0745,0.0941,0.1041,0.092,0.0014768042,0.009202454,-0.0419,-0.0292,0.0058277873
1990-09-28,306.05,322.56,11.834,21.74,0.520289666,0.0736,0.0956,0.1064,0.0914,0.0013916129,0.0083586626,0.0117,0.0091,0.001984821
1990-10-31,304.0,306.05,11.918,21.6067,0.5224519209,0.0717,0.0953,0.1074,0.0898,-0.0004517504,0.006028636,0.0215,0.0132,0.0044927894
1990-11-30,322.22,304.0,12.002,21.4733,0.4985056551,0.0706,0.093,0.1062,0.0858,0.0009277803,0.002247191,0.0402,0.0285,0.0024399038
1990-12-31,330.22,322.22,12.086,21.34,0.4844968599,0.0674,0.0905,0.1043,0.0844,-0.0018284693,0.0,0.0187,0.0167,0.0007945965
1991-01-31,343.93,330.22,12.094,21.2067,0.4663077997,0.0622,0.0904,0.1045,0.0837,0.0006487724,0.0059790732,0.013,0.015,0.0031935916
1991-02-28,367.07,343.93,12.102,21.0733,0.4427204408,0.0594,0.0883,0.1007,0.0841,0.0011789768,0.0014858841,0.003,0.0121,0.0024312988
1991-03-28,375.22,367.07,12.11,20.94,0.4571255997,0.0591,0.0893,0.1009,0.0844,0.003262045,0.0014836795,0.0038,0.0108,0.001375058
1991-04-30,375.35,375.22,12.1223,20.43,0.4612395987,0.0565,0.0886,0.0994,0.0837,0.0057407705,0.0014814815,0.014,0.0138,0.0020727894
1991-05-31,389.83,375.35,12.1347,19.92,0.4399669694,0.0546,0.0886,0.0986,0.0845,0.0067987809,0.0029585799,0.0,0.0039,0.001585206
1991-06-28,371.16,389.83,12.147,19.41,0.458243743,0.0557,0.0901,0.0996,0.086,0.0140821721,0.0029498525,-0.0063,-0.0018,0.0011798794
1991-07-31,387.81,371.16,12.1897,18.88,0.4403567816,0.0558,0.09,0.0989,0.085,0.0146768432,0.0014705882,0.0157,0.0167,0.0011053405
1991-08-30,395.43,387.81,12.2323,18.35,0.4376396373,0.0533,0.0875,0.0965,0.0818,0.0171761329,0.0029368576,0.034,0.0275,0.0020376667
1991-09-30,387.86,395.43,12.275,17.82,0.441531837,0.0522,0.0861,0.0951,0.079,0.0229915359,0.0043923865,0.0303,0.0271,0.00047469
1991-10-31,392.46,387.86,12.251,17.2033,0.4340034538,0.0499,0.0855,0.0949,0.0791,0.0252184874,0.0014577259,0.0054,0.0043,0.0011256383
1991-11-29,375.22,392.46,12.227,16.5867,0.4601544903,0.0456,0.0848,0.0945,0.0789,0.0303835153,0.0029112082,0.0082,0.0106,0.0020490256
1991-12-31,417.09,375.22,12.203,15.97,0.4203444173,0.0407,0.0831,0.0926,0.073,0.0315377294,0.0007256894,0.0581,0.0436,0.0020495219
1992-01-31,408.79,417.09,12.2433,16.0433,0.4132296785,0.038,0.082,0.0913,0.0776,0.0316649252,0.0014503263,-0.0324,-0.0173,0.0008724549
1992-02-28,412.7,408.79,12.2837,16.1167,0.4076305252,0.0384,0.0829,0.0923,0.0777,0.0332842419,0.0036205648,0.0051,0.0096,0.0009132361
1992-03-31,403.69,412.7,12.324,16.19,0.4021060342,0.0404,0.0835,0.0925,0.0797,0.0416282636,0.0050505051,-0.0094,-0.0073,0.0004697601
1992-04-30,414.95,403.69,12.3227,16.4767,0.3873034718,0.0375,0.0833,0.0921,0.0803,0.0383939214,0.0014357502,0.0016,0.0016,0.0016610518
1992-05-29,415.35,414.95,12.3213,16.7633,0.3829985163,0.0363,0.0828,0.0913,0.0781,0.0370813555,0.0014336918,0.0243,0.0254,0.0006900329
1992-06-30,408.14,415.35,12.32,17.05,0.3920423538,0.0366,0.0822,0.0905,0.0765,0.0429366245,0.0035790981,0.02,0.0156,0.0007529192
1992-07-31,424.21,408.14,12.345,17.38,0.3833486997,0.0321,0.0807,0.0884,0.0726,0.0413610108,0.0021398003,0.0398,0.0308,0.0008974805
1992-08-31,414.03,424.21,12.37,17.71,0.3994050369,0.0313,0.0795,0.0865,0.0725,0.0428274632,0.0028469751,0.0067,0.009,0.0003695588
1992-09-30,417.8,414.03,12.395,18.04,0.3976569721,0.0291,0.0792,0.0862,0.071,0.0411349836,0.0028388928,0.0185,0.0099,0.0008722118
1992-10-30,418.68,417.8,12.3917,18.39,0.4032511778,0.0286,0.0799,0.0884,0.0741,0.04097304,0.0035385704,-0.0198,-0.0156,0.0009441488
1992-11-30,431.35,418.68,12.3883,18.74,0.3936264585,0.0313,0.081,0.0896,0.0748,0.0378707236,0.0014104372,0.001,0.0069,0.0005080996
1992-12-31,435.71,431.35,12.385,19.09,0.3941096142,0.0322,0.0798,0.0881,0.0726,0.03871373,-0.0007042254,0.0246,0.0228,0.00047154
1993-01-29,438.78,435.71,12.4163,19.34,0.3930481045,0.03,0.0791,0.0867,0.0725,0.0416392231,0.0049330514,0.028,0.025,0.0003488457
1993-02-26,443.38,438.78,12.4477,19.59,0.3859601969,0.0293,0.0771,0.0839,0.0698,0.0406155681,0.0035063114,0.0354,0.0256,0.0011468722
1993-03-31,451.67,443.38,12.479,19.84,0.3336135264,0.0295,0.0758,0.0815,0.0702,0.0369950189,0.0034940601,0.0021,0.0025,0.0010047233
1993-04-30,440.19,451.67,12.4937,19.67,0.334349806,0.0287,0.0746,0.0814,0.0701,0.039700073,0.0027855153,0.0072,0.0052,0.0010047977
1993-05-28,450.19,440.19,12.5083,19.5,0.3248824215,0.0296,0.0743,0.0821,0.0701,0.040144274,0.0013888889,0.0047,0.002,0.0008173038
1993-06-30,450.53,450.19,12.523,19.33,0.3259312476,0.0307,0.0733,0.0807,0.0668,0.0410478926,0.0013869626,0.0449,0.0293,0.0005738167
1993-07-30,448.13,450.53,12.5217,19.69,0.3237770308,0.0304,0.0717,0.0793,0.0656,0.0409002052,0.0,0.0191,0.01,0.0006089618
1993-08-31,463.56,448.13,12.5203,20.05,0.3138649833,0.0302,0.0685,0.076,0.0623,0.0401659711,0.0027700831,0.0434,0.0287,0.0002815775
1993-09-30,458.93,463.56,12.519,20.41,0.3223518215,0.0295,0.0666,0.0734,0.0627,0.0417473699,0.0020718232,0.0005,0.0043,0.0004706646
1993-10-29,467.83,458.93,12.5383,20.9033,0.3113628329,0.0302,0.0667,0.0731,0.0623,0.0403809173,0.0041350793,0.0096,0.0051,0.0003142048
1993-11-30,461.79,467.83,12.5577,21.3967,0.3110794108,0.031,0.0693,0.0766,0.0651,0.0438535951,0.0006863418,-0.0259,-0.0188,0.000576328
1993-12-31,466.45,461.79,12.577,21.89,0.3052672229,0.0306,0.0693,0.0769,0.0654,0.0457468047,0.0,0.002,0.0067,0.0002696863
1994-01-31,481.61,466.45,12.6203,22.1633,0.2880585672,0.0298,0.0692,0.0765,0.0637,0.0436888228,0.0027434842,0.0257,0.0202,0.0004234858
1994-02-28,467.14,481.61,12.6637,22.4367,0.2990588209,0.0325,0.0708,0.0776,0.0682,0.0450599942,0.0034199726,-0.045,-0.0286,0.0010260883
1994-03-31,445.77,467.14,12.707,22.71,0.3074838051,0.035,0.0748,0.0813,0.0725,0.0419154208,0.0034083163,-0.0395,-0.0383,0.0008921309
1994-04-29,450.91,445.77,12.7497,23.54,0.3036647862,0.0368,0.0788,0.0852,0.0745,0.0398625296,0.0013586957,-0.015,-0.0097,0.0013736767
1994-05-31,456.51,450.91,12.7923,24.37,0.2974694757,0.0414,0.0799,0.0862,0.0759,0.0396573234,0.0006784261,-0.0082,-0.0062,0.0007504982
1994-06-30,444.27,456.51,12.835,25.2,0.3084170767,0.0414,0.0797,0.0865,0.0774,0.0340103517,0.0033898305,-0.01,-0.0081,0.0007971036
1994-07-29,458.25,444.27,12.8643,25.91,0.2969853808,0.0433,0.0811,0.088,0.0746,0.0312260505,0.0027027027,0.0363,0.0309,0.0003272701
1994-08-31,475.5,458.25,12.8937,26.62,0.2856838193,0.0448,0.0807,0.0874,0.0761,0.0287206541,0.0040431267,-0.0086,-0.0031,0.0005603787
1994-09-30,462.71,475.5,12.923,27.33,0.2909046586,0.0462,0.0834,0.0898,0.08,0.0290191161,0.0026845638,-0.0331,-0.0265,0.0008018755
1994-10-31,472.35,462.71,13.0053,28.42,0.2860712737,0.0495,0.0857,0.092,0.0809,0.0260153431,0.000669344,-0.0025,-0.005,0.0011584215
1994-11-30,453.69,472.35,13.0877,29.51,0.2989926143,0.0529,0.0868,0.0932,0.0808,0.022930531,0.0013377926,0.0066,0.0018,0.0008363828
1994-12-30,459.27,453.69,13.17,30.6,0.2915683,0.056,0.0846,0.091,0.0799,0.0166016236,0.0,0.0161,0.0157,0.0007049267
1995-01-31,470.42,459.27,13.17,31.25,0.2908537344,0.0571,0.0846,0.0908,0.078,0.0150997844,0.004008016,0.0273,0.0256,0.0002893889
1995-02-28,487.39,470.42,13.17,31.9,0.2787300356,0.0577,0.0826,0.0885,0.0758,0.0145387551,0.003992016,0.0287,0.0289,0.0004724322
1995-03-31,500.71,487.39,13.17,32.55,0.3138765419,0.0573,0.0812,0.087,0.0755,0.0144031801,0.0033134526,0.0091,0.0095,0.0004843187
1995-04-28,514.71,500.71,13.2337,33.1767,0.3019947008,0.0565,0.0803,0.086,0.0745,0.0130183486,0.0033025099,0.0169,0.0175,0.0002569276
1995-05-31,533.4,514.71,13.2973,33.8033,0.2922642542,0.0567,0.0765,0.082,0.0677,0.0107428203,0.0019749835,0.079,0.0631,0.0010114473
1995-06-30,544.75,533.4,13.361,34.43,0.2864296179,0.0547,0.073,0.079,0.067,0.0082728997,0.0019710907,0.0139,0.0079,0.0006967987
1995-07-31,562.06,544.75,13.4323,34.68,0.2771603672,0.0542,0.0741,0.0804,0.0691,0.0070594239,0.0,-0.0168,-0.0101,0.0007732246
1995-08-31,561.88,562.06,13.5037,34.93,0.2830461347,0.054,0.0757,0.0819,0.0674,0.0091202057,0.0026229508,0.0236,0.0214,0.0002067405
1995-09-29,584.41,561.88,13.575,35.18,0.2724949976,0.0528,0.0732,0.0793,0.0663,0.0063774144,0.0019620667,0.0175,0.0153,0.0003814595
1995-10-31,581.5,584.41,13.646,34.7733,0.2744202453,0.0528,0.0712,0.0775,0.0641,0.0122208099,0.0032637076,0.0294,0.0185,0.0004878223
1995-11-30,605.37,581.5,13.717,34.3667,0.2571688515,0.0536,0.0702,0.0768,0.0623,0.0168725256,-0.0006506181,0.0249,0.0242,0.0005461724
1995-12-29,615.93,605.37,13.788,33.96,0.2550263829,0.0514,0.0682,0.0749,0.0603,0.0155287852,-0.0006510417,0.0272,0.0228,0.0008205431
1996-01-31,636.02,615.93,13.8933,33.9867,0.2418771721,0.05,0.0681,0.0747,0.0609,0.0161292486,0.0058631922,-0.0011,0.0014,0.0013839441
1996-02-29,640.43,636.02,13.9987,34.0133,0.2378947371,0.0483,0.0699,0.0763,0.0659,0.0168038472,0.003238342,-0.0483,-0.0373,0.0012676223
1996-03-29,645.5,640.43,14.104,34.04,0.2392996154,0.0496,0.0735,0.0803,0.0684,0.0168940074,0.0051646223,-0.021,-0.013,0.001741708
1996-04-30,654.17,645.5,14.1603,34.33,0.2400758062,0.0495,0.075,0.0819,0.0706,0.0211288043,0.0038535645,-0.0165,-0.016,0.0009818335
1996-05-31,669.12,654.17,14.2167,34.62,0.2369235155,0.0502,0.0762,0.083,0.0717,0.0263960095,0.0019193858,-0.0054,0.0005,0.0011253096
1996-06-28,670.63,669.12,14.273,34.91,0.2364437252,0.0509,0.0771,0.084,0.0703,0.0271937407,0.0006385696,0.0203,0.0172,0.0003947932
1996-07-31,639.95,670.63,14.4033,35.2733,0.2418198938,0.0515,0.0765,0.0835,0.0707,0.0311122108,0.0019144863,0.0018,0.001,0.0023551525
1996-08-30,651.99,639.95,14.5337,35.6367,0.2380611179,0.0505,0.0746,0.0818,0.0726,0.0308639109,0.001910828,-0.0139,-0.007,0.0011215051
1996-09-30,687.31,651.99,14.664,36.0,0.2272973181,0.0509,0.0766,0.0835,0.0704,0.0295537136,0.0031786395,0.029,0.0259,0.0006862354
1996-10-31,705.27,687.31,14.7423,36.91,0.2217476558,0.0499,0.0739,0.0807,0.0671,0.0256258983,0.0031685678,0.0404,0.0361,0.0006066275
1996-11-29,757.02,705.27,14.8207,37.82,0.2050079191,0.0503,0.071,0.0779,0.0643,0.0220390209,0.0018951358,0.0351,0.0263,0.0007037217
1996-12-31,740.74,757.02,14.899,38.73,0.2073427297,0.0491,0.072,0.0789,0.0673,0.0240975605,0.0,-0.0256,-0.0186,0.001709075
1997-01-31,786.16,740.74,14.9523,39.2333,0.1962401029,0.0503,0.0742,0.0809,0.0689,0.0243801339,0.0031525851,-0.0079,-0.0028,0.0013600872
1997-02-28,790.82,786.16,15.0057,39.7367,0.1943954108,0.0501,0.0731,0.0794,0.0694,0.0228851457,0.0031426776,0.0005,0.0028,0.00147476
1997-03-31,757.12,790.82,15.059,40.24,0.2147802023,0.0514,0.0755,0.0818,0.0723,0.0211198386,0.0025062657,-0.0252,-0.0221,0.0020014839
1997-04-30,801.34,757.12,15.093,40.3433,0.2017410478,0.0516,0.0773,0.0834,0.0705,0.0169161089,0.00125,0.0255,0.0184,0.0030050574
1997-05-30,848.28,801.34,15.127,40.4467,0.1928785879,0.0505,0.0758,0.082,0.0701,0.0132653849,-0.0006242197,0.0097,0.0128,0.0020074201
1997-06-30,885.14,848.28,15.161,40.55,0.184287615,0.0493,0.0741,0.0802,0.0688,0.0108474777,0.0012492192,0.0195,0.0187,0.0019744425
1997-07-31,954.29,885.14,15.2183,40.58,0.171964943,0.0505,0.0714,0.0775,0.0637,0.0116078543,0.0012476606,0.0626,0.0528,0.0020101663
1997-08-29,899.47,954.29,15.2757,40.61,0.1855054038,0.0514,0.0722,0.0782,0.0672,0.0128921891,0.0018691589,-0.0317,-0.024,0.0024647279
1997-09-30,947.28,899.47,15.333,40.64,0.177967857,0.0495,0.0715,0.077,0.0649,0.0146506387,0.0024875622,0.0316,0.0226,0.0026265123
1997-10-31,914.62,947.28,15.3877,40.3333,0.1900006773,0.0497,0.07,0.0757,0.0623,0.0162805348,0.0024813896,0.0341,0.0191,0.0093637077
1997-11-28,955.4,914.62,15.4423,40.0267,0.1807462988,0.0514,0.0687,0.0742,0.0614,0.0156862396,-0.0006188119,0.0148,0.0101,0.0026621198
1997-12-31,970.43,955.4,15.497,39.72,0.1788008842,0.0516,0.0676,0.0732,0.0602,0.0155787276,-0.0012383901,0.0184,0.0163,0.0022493911
1998-01-30,980.28,970.43,15.545,39.66,0.1788402734,0.0504,0.0661,0.0719,0.0589,0.0137581612,0.0018598884,0.02,0.0137,0.0024688899
1998-02-27,1049.34,980.28,15.593,39.6,0.1654630971,0.0509,0.0667,0.0725,0.0599,0.0120735181,0.0018564356,-0.0072,-0.0007,0.0010533641
1998-03-31,1101.75,1049.34,15.641,39.54,0.181140396,0.0503,0.0672,0.0732,0.0602,0.0165051128,0.0018529957,0.0025,0.0038,0.0011367878
1998-04-30,1111.75,1101.75,15.744,39.35,0.1758729222,0.0495,0.0669,0.0733,0.0604,0.0164262189,0.0018495684,0.0026,0.0053,0.0016147577
1998-05-29,1090.82,1111.75,15.847,39.16,0.1791022057,0.05,0.0669,0.073,0.0592,0.0190980686,0.0018461538,0.0182,0.0167,0.0009588242
1998-06-30,1133.84,1090.82,15.95,38.97,0.178060606,0.0498,0.0653,0.0713,0.0576,0.0240305882,0.0012285012,0.0228,0.0115,0.0020973304
1998-07-31,1120.67,1133.84,16.0143,38.6767,0.1794381089,0.0496,0.0655,0.0715,0.0584,0.0253622873,0.0012269939,-0.004,-0.0056,0.0022281428
1998-08-31,957.28,1120.67,16.0787,38.3833,0.2114320916,0.049,0.0652,0.0714,0.0547,0.0285296741,0.0012254902,0.0465,0.0089,0.0093340166
1998-09-30,1017.01,957.28,16.143,38.09,0.2032484042,0.0461,0.064,0.0709,0.0517,0.0240925221,0.0012239902,0.0395,0.0413,0.0099709513
1998-10-30,1098.67,1017.01,16.1603,37.9633,0.1855190768,0.0396,0.0637,0.0718,0.054,0.0207492147,0.0024449878,-0.0218,-0.019,0.0051715952
1998-11-30,1163.63,1098.67,16.1777,37.8367,0.1748468445,0.0441,0.0641,0.0734,0.0535,0.0220123421,0.0,0.0097,0.027,0.0019367347
1998-12-31,1229.23,1163.63,16.195,37.71,0.1736113154,0.0439,0.0622,0.0723,0.0542,0.0200632552,-0.0006097561,-0.0032,0.001,0.0032869067
1999-01-29,1279.64,1229.23,16.2797,37.9333,0.1703206191,0.0434,0.0624,0.0729,0.0536,0.0155939946,0.0024405125,0.0121,0.0123,0.0033356226
1999-02-26,1238.33,1279.64,16.3643,38.1567,0.1712768096,0.0444,0.064,0.0739,0.0587,0.0184543721,0.0012172855,-0.052,-0.0401,0.0034821298
1999-03-31,1286.37,1238.33,16.449,38.38,0.1728971707,0.0444,0.0662,0.0753,0.0592,0.0206772204,0.0030395137,-0.0008,0.0002,0.0032135534
1999-04-30,1335.18,1286.37,16.4487,39.26,0.1568258764,0.0429,0.0664,0.0748,0.0594,0.0251891382,0.0072727273,0.0021,-0.0024,0.0027266469
1999-05-28,1301.84,1335.18,16.4483,40.14,0.1602311354,0.045,0.0693,0.0772,0.0615,0.025905064,0.0,-0.0185,-0.0176,0.0030856384
1999-06-30,1372.71,1301.84,16.448,41.02,0.1542274468,0.0457,0.0723,0.0802,0.0627,0.0188750654,0.0,-0.0078,-0.016,0.0024092474
1999-07-30,1328.72,1372.71,16.5123,42.0,0.1587964727,0.0455,0.0719,0.0795,0.0639,0.0193741534,0.0030084236,-0.0077,-0.0113,0.0016111824
1999-08-31,1320.41,1328.72,16.5767,42.98,0.1562430269,0.0472,0.074,0.0815,0.0649,0.0188895412,0.0023995201,-0.0053,-0.0026,0.0027298772
1999-09-30,1282.71,1320.41,16.641,43.96,0.1636844982,0.0468,0.0739,0.082,0.0646,0.0203906807,0.0047875524,0.0084,0.0093,0.0027049454
1999-10-29,1362.93,1282.71,16.658,45.3633,0.1576906607,0.0486,0.0755,0.0838,0.0651,0.0204564718,0.0017867778,-0.0012,0.0047,0.0048759339
1999-11-30,1388.91,1362.93,16.675,46.7667,0.1555459671,0.0507,0.0736,0.0815,0.0662,0.0182906361,0.0005945303,-0.0061,-0.0024,0.0013542581
1999-12-31,1469.25,1388.91,16.692,48.17,0.1471672594,0.052,0.0755,0.0819,0.0682,0.0179001767,0.0,-0.0155,-0.0102,0.0011487717
2000-01-31,1394.46,1469.25,16.7153,49.0967,0.15465416,0.0532,0.0778,0.0833,0.0666,0.0253715888,0.0029708853,0.0228,-0.0021,0.005206354
2000-02-29,1366.42,1394.46,16.7387,50.0233,0.1670564326,0.0555,0.0768,0.0829,0.0646,0.0274318737,0.0059241706,0.0264,0.0092,0.003000422
2000-03-31,1498.58,1366.42,16.762,50.95,0.1499735618,0.0569,0.0768,0.0837,0.0618,0.0183014257,0.0082449941,0.0367,0.0169,0.0066783401
2000-04-28,1452.43,1498.58,16.7427,51.2733,0.1526004182,0.0566,0.0764,0.084,0.063,0.0119614109,0.0005841121,-0.0076,-0.0115,0.0079417212
2000-05-31,1420.6,1452.43,16.7233,51.5967,0.1556687311,0.0579,0.0799,0.089,0.064,0.0091957472,0.0011675423,-0.0054,-0.0161,0.005185498
2000-06-30,1454.6,1420.6,16.704,51.92,0.1567779616,0.0569,0.0767,0.0848,0.0622,0.0071410264,0.0052478134,0.0244,0.0326,0.0023597429
2000-07-31,1430.83,1454.6,16.585,52.5133,0.155674151,0.0596,0.0765,0.0835,0.0611,0.0047329947,0.0023201856,0.0173,0.0179,0.0020654712
2000-08-31,1517.68,1430.83,16.466,53.1067,0.146053064,0.0609,0.0755,0.0826,0.0594,0.0046897827,0.0,0.024,0.0135,0.0010392754
2000-09-29,1436.51,1517.68,16.347,53.7,0.1537894629,0.06,0.0762,0.0835,0.0612,0.0044838585,0.0052083333,-0.0157,0.0046,0.0015999826
2000-10-31,1429.4,1436.51,16.3217,52.4667,0.1493007889,0.0611,0.0755,0.0834,0.06,0.0037587886,0.0017271157,0.0187,0.0045,0.0055680729
2000-11-30,1314.95,1429.4,16.2963,51.2333,0.1572808929,0.0617,0.0745,0.0828,0.0576,0.0011697655,0.0005747126,0.0319,0.0263,0.0032724371
2000-12-29,1320.28,1314.95,16.271,50.0,0.1518515036,0.0577,0.0721,0.0802,0.0558,-0.0022502465,-0.0005743825,0.0243,0.027,0.0052993586
2001-01-31,1366.01,1320.28,16.1717,48.48,0.1504496662,0.0515,0.0715,0.0793,0.0562,-0.0031811365,0.0063218391,0.0005,0.0359,0.0049410477
2001-02-28,1239.94,1366.01,16.0723,46.96,0.1560700913,0.0488,0.071,0.0787,0.0549,-0.0068435975,0.0039977156,0.0191,0.0127,0.0025284469
2001-03-30,1160.33,1239.94,15.973,45.44,0.1331135514,0.0442,0.0698,0.0784,0.0559,-0.0051995393,0.0022753129,-0.0074,-0.0029,0.0071396324
2001-04-30,1249.46,1160.33,15.8773,42.5567,0.1224969006,0.0387,0.072,0.0807,0.0593,-0.0025407595,0.0039727582,-0.0313,-0.0128,0.0074262097
2001-05-31,1255.82,1249.46,15.7817,39.6733,0.120510188,0.0362,0.0729,0.0807,0.0594,-0.0002465548,0.004522329,0.0037,0.0132,0.0025362471
2001-06-29,1224.42,1255.82,15.686,36.79,0.1252094328,0.0349,0.0718,0.0797,0.059,0.0050429431,0.0016882386,0.0085,0.0055,0.0015083692
2001-07-31,1211.23,1224.42,15.7027,33.9633,0.1249665833,0.0351,0.0713,0.0797,0.0561,0.0079158092,-0.0028089888,0.0376,0.0361,0.0028995945
2001-08-31,1133.58,1211.23,15.7193,31.1367,0.1321641438,0.0336,0.0702,0.0785,0.0546,0.0099204931,0.0,0.0206,0.0156,0.0022214855
2001-09-28,1040.94,1133.58,15.736,28.31,0.1486285882,0.0264,0.0717,0.0803,0.0542,0.0086538503,0.0045070423,0.0081,-0.0152,0.0071675871
2001-10-31,1059.78,1040.94,15.7373,27.1033,0.1449013996,0.0216,0.0703,0.0791,0.0506,0.0107516628,-0.003365115,0.0464,0.0437,0.0032497575
2001-11-30,1139.45,1059.78,15.7387,25.8967,0.1334813667,0.0187,0.0697,0.0781,0.0553,0.0111644335,-0.0016882386,-0.0471,-0.0188,0.0021893512
2001-12-31,1148.08,1139.45,15.74,24.69,0.1312178459,0.0169,0.0677,0.0805,0.0575,0.0134699167,-0.003945885,-0.0183,-0.009,0.0017979546
2002-01-31,1130.2,1148.08,15.7367,24.6933,0.1325605487,0.0165,0.0655,0.0787,0.0569,0.0111959739,0.0022637238,0.0138,0.0175,0.0021838889
2002-02-28,1106.73,1130.2,15.7333,24.6967,0.1301190857,0.0173,0.0651,0.0789,0.0563,0.0125035202,0.0039525692,0.0115,0.013,0.002567832
2002-03-28,1147.39,1106.73,15.73,24.7,0.2368334023,0.0179,0.0681,0.0811,0.0604,0.0137640686,0.005624297,-0.0436,-0.0295,0.0020148244
2002-04-30,1076.92,1147.39,15.833,25.38,0.2477323126,0.0172,0.0676,0.0803,0.0575,0.0151126093,0.0055928412,0.041,0.0253,0.0023197168
2002-05-31,1067.14,1076.92,15.936,26.06,0.2482556141,0.0173,0.0675,0.0809,0.0578,0.0222878379,0.0,0.0015,0.0113,0.004101625
2002-06-28,989.81,1067.14,16.039,26.74,0.2665725018,0.017,0.0663,0.0795,0.0566,0.0275349472,0.0005561735,0.0187,0.0073,0.0037079693
2002-07-31,911.62,989.81,15.959,27.84,0.2820321945,0.0168,0.0653,0.079,0.0544,0.0284546499,0.0011117287,0.0303,0.0094,0.0153427914
2002-08-30,916.07,911.62,15.879,28.94,0.284411556,0.0162,0.0637,0.0758,0.051,0.0247560633,0.0033314825,0.0464,0.0452,0.0094092779
2002-09-30,815.29,916.07,15.799,30.04,0.3245551555,0.0163,0.0615,0.074,0.048,0.029309111,0.0016602103,0.0417,0.033,0.0073660612
2002-10-31,885.76,815.29,15.8907,29.2233,0.2934370638,0.0158,0.0632,0.0773,0.0508,0.0256793583,0.0016574586,-0.0294,-0.024,0.0115896791
2002-11-29,936.31,885.76,15.9823,28.4067,0.2769754993,0.0123,0.0631,0.0762,0.0521,0.0229149672,0.0,-0.0122,0.013,0.0044490811
2002-12-31,879.82,936.31,16.074,27.59,0.2953858956,0.0119,0.0621,0.0745,0.0484,0.02573892,-0.0022062879,0.0507,0.0361,0.0026394797
2003-01-31,855.7,879.82,16.124,28.5,0.3059423072,0.0117,0.0617,0.0735,0.0495,0.0282961074,0.0044223328,-0.0106,0.0021,0.0051675134
2003-02-28,841.15,855.7,16.174,29.41,0.3122513206,0.0117,0.0595,0.0706,0.0472,0.0279185778,0.0077050083,0.0329,0.0264,0.0025641601
2003-03-31,848.18,841.15,16.224,30.32,0.2861177008,0.0113,0.0589,0.0695,0.0486,0.0241014888,0.0060076461,-0.0135,-0.008,0.0061361326
2003-04-30,916.92,848.18,16.2043,31.73,0.2696540306,0.0113,0.0574,0.0685,0.0481,0.0199699851,-0.0021715527,0.0102,0.0229,0.0030648283
2003-05-30,963.59,916.92,16.1847,33.14,0.2583755061,0.0107,0.0522,0.0638,0.0436,0.0064434107,-0.0016322089,0.0592,0.0471,0.0022283514
2003-06-30,974.51,963.59,16.165,34.55,0.2544883373,0.0092,0.0497,0.0619,0.0452,0.0012557291,0.0010899183,-0.0154,-0.0143,0.001997741
2003-07-31,990.31,974.51,16.3053,35.8933,0.2476433348,0.009,0.0549,0.0662,0.0542,0.0002654383,0.0010887316,-0.0982,-0.0881,0.0020460594
2003-08-29,1008.01,990.31,16.4457,37.2367,0.2428560733,0.0095,0.0588,0.0701,0.0532,0.0029133312,0.0038064165,0.0166,0.0219,0.0009660247
2003-09-30,995.97,1008.01,16.586,38.58,0.2465417826,0.0094,0.0572,0.0679,0.049,0.0073209622,0.0032502709,0.0546,0.0503,0.0018691217
2003-10-31,1050.71,995.97,16.8523,41.9667,0.2333089667,0.0092,0.057,0.0673,0.0518,0.0072101414,-0.0010799136,-0.0283,-0.0203,0.001407576
2003-11-28,1058.2,1050.71,17.1187,45.3533,0.2337541521,0.0093,0.0565,0.0666,0.0519,0.0100005134,-0.0027027027,-0.0027,0.0052,0.0009196333
2003-12-31,1111.92,1058.2,17.385,48.74,0.2187398648,0.009,0.0562,0.066,0.0511,0.0069460961,-0.0010840108,0.0139,0.0139,0.0008936987
2004-01-30,1131.13,1111.92,17.598,49.8267,0.218027721,0.0088,0.0554,0.0644,0.0499,0.0068458213,0.0048833424,0.0187,0.0187,0.0009788186
2004-02-27,1144.94,1131.13,17.811,50.9133,0.2160532204,0.0093,0.055,0.0627,0.0483,0.0093266154,0.005399568,0.023,0.0178,0.0006107119
2004-03-31,1126.21,1144.94,18.024,52.0,0.2817314655,0.0094,0.0533,0.0611,0.0474,0.0122458054,0.0064446831,0.0141,0.0118,0.0019812629
2004-04-30,1107.3,1126.21,18.2167,53.3833,0.2853718668,0.0094,0.0573,0.0646,0.0531,0.01372988,0.0032017076,-0.0588,-0.0534,0.0012309283
2004-05-28,1120.68,1107.3,18.4093,54.7667,0.2864115739,0.0102,0.0604,0.0675,0.0539,0.0162862947,0.0058510638,-0.0051,-0.0071,0.0009776264
2004-06-30,1140.84,1120.68,18.602,56.15,0.279631603,0.0127,0.0601,0.0678,0.0532,0.0144483006,0.0031729244,0.0121,0.0093,0.0007707514
2004-07-30,1101.72,1140.84,18.789,56.69,0.2877883095,0.0133,0.0582,0.0662,0.0523,0.0146751569,-0.0015814444,0.0155,0.0184,0.0007770892
2004-08-31,1104.24,1101.72,18.976,57.23,0.2868206158,0.0148,0.0565,0.0646,0.0493,0.0142337474,0.0005279831,0.0395,0.0395,0.0014428366
2004-09-30,1114.58,1104.24,19.163,57.77,0.2894853015,0.0165,0.0546,0.0627,0.0488,0.0090860657,0.0021108179,0.0096,0.0101,0.0007056802
2004-10-29,1130.2,1114.58,19.256,58.03,0.2910095966,0.0176,0.0547,0.0621,0.0478,0.0073817623,0.0052659294,0.0154,0.0164,0.0012304868
2004-11-30,1173.82,1130.2,19.349,58.29,0.2798316459,0.0207,0.0552,0.062,0.0502,0.0121340937,0.0005238345,-0.0234,-0.02,0.0008574002
2004-12-31,1211.92,1173.82,19.442,58.55,0.2706192427,0.0219,0.0547,0.0615,0.0484,0.0129602109,-0.0036649215,0.025,0.0257,0.0007278431
2005-01-31,1181.27,1211.92,19.703,59.1067,0.2781798561,0.0233,0.0536,0.0602,0.0465,0.0135400966,0.0021019443,0.03,0.0277,0.0008213965
2005-02-28,1203.6,1181.27,19.964,59.6633,0.2710410236,0.0254,0.052,0.0582,0.0479,0.0117529562,0.0057682223,-0.0128,-0.0112,0.0008344462
2005-03-31,1180.59,1203.6,20.225,60.22,0.3198568893,0.0274,0.054,0.0606,0.0488,0.0090900057,0.0078206465,-0.0072,-0.0125,0.0008598957
2005-04-29,1156.85,1180.59,20.4583,61.2333,0.3296244007,0.0278,0.0533,0.0605,0.0461,0.0079278087,0.0067252975,0.0373,0.0327,0.0018258706
2005-05-31,1191.5,1156.85,20.6917,62.2467,0.3209655046,0.0284,0.0515,0.0601,0.044,0.0047768683,-0.0010277492,0.0297,0.0295,0.0008593927
2005-06-30,1191.33,1191.5,20.925,63.26,0.3269790569,0.0297,0.0496,0.0586,0.0429,0.0053659598,0.0005144033,0.0167,0.0141,0.0005421326
2005-07-29,1234.18,1191.33,21.107,64.33,0.3157342746,0.0322,0.0506,0.0595,0.0456,0.0044914845,0.0046272494,-0.0288,-0.0244,0.0006499133
2005-08-31,1220.33,1234.18,21.289,65.4,0.3205331247,0.0344,0.0509,0.0596,0.0432,0.0054171288,0.0051177073,0.0333,0.0233,0.0006967007
2005-09-30,1228.81,1220.33,21.471,66.47,0.3178915098,0.0342,0.0513,0.0603,0.0464,0.0067287092,0.0122199593,-0.0338,-0.031,0.0006598993
2005-10-31,1207.01,1228.81,21.7193,67.59,0.3218081871,0.0371,0.0535,0.063,0.0484,0.0057613859,0.0020120724,-0.0196,-0.0204,0.0018179843
2005-11-30,1249.48,1207.01,21.9677,68.71,0.3109143456,0.0388,0.0542,0.0639,0.0481,0.0057803274,-0.0080321285,0.0076,0.0099,0.0005398964
2005-12-30,1248.29,1249.48,22.216,69.83,0.3134779566,0.0389,0.0537,0.0632,0.0461,0.0030712058,-0.004048583,0.0267,0.0225,0.0004330003
2006-01-31,1280.08,1248.29,22.4053,70.7767,0.3092262579,0.0424,0.0529,0.0624,0.0474,-0.0004357115,0.0076219512,-0.0118,-0.0093,0.0009753876
2006-02-28,1280.66,1280.08,22.5947,71.7233,0.3056103611,0.0443,0.0535,0.0627,0.0457,0.0020466898,0.0020171457,0.0238,0.0128,0.000648551
2006-03-31,1294.87,1280.66,22.784,72.67,0.3160094407,0.0451,0.0553,0.0641,0.0507,0.0021608169,0.0055359839,-0.0539,-0.0404,0.0005452381
2006-04-28,1310.61,1294.87,23.0017,73.2767,0.3088419778,0.046,0.0584,0.0668,0.0532,-0.0034663477,0.0085085085,-0.0247,-0.0224,0.0005998005
2006-05-31,1270.09,1310.61,23.2193,73.8833,0.3143403075,0.0472,0.0595,0.0675,0.0535,-0.0026480401,0.0049627792,0.001,-0.002,0.001355149
2006-06-30,1270.2,1270.09,23.437,74.49,0.3148502899,0.0479,0.0589,0.0678,0.0531,-0.0021864728,0.0019753086,0.0092,0.0039,0.0021028205
2006-07-31,1276.66,1270.2,23.6567,75.85,0.3138521753,0.0495,0.0585,0.0676,0.0518,-0.002364212,0.0029571217,0.0199,0.0237,0.0014516649
2006-08-31,1303.82,1276.66,23.8763,77.21,0.3084617987,0.0496,0.0568,0.0659,0.0496,-0.0084733019,0.001965602,0.0299,0.0361,0.0004692383
2006-09-29,1335.85,1303.82,24.096,78.57,0.3005932835,0.0481,0.0551,0.0643,0.0484,-0.0094933356,-0.0049043649,0.017,0.0183,0.0005133772
2006-10-31,1377.94,1335.85,24.3587,79.55,0.2905991608,0.0492,0.0551,0.0642,0.0481,-0.0089347348,-0.0054213898,0.0077,0.0127,0.0004505773
2006-11-30,1400.63,1377.94,24.6213,80.53,0.2872418677,0.0494,0.0533,0.062,0.0467,-0.0151059716,-0.0014866204,0.0207,0.0246,0.0005922029
2006-12-29,1418.3,1400.63,24.884,81.51,0.2816823997,0.0485,0.0532,0.0622,0.0491,-0.0150318062,0.0014888337,-0.0236,-0.0232,0.0003575089
2007-01-31,1438.24,1418.3,25.0873,82.0567,0.2781442105,0.0498,0.054,0.0634,0.0502,-0.0139825463,0.0030525273,-0.0102,-0.0051,0.0004504848
2007-02-28,1406.82,1438.24,25.2907,82.6033,0.2861484942,0.0503,0.0539,0.0628,0.0477,-0.0151356164,0.0053503676,0.0335,0.0287,0.001476815
2007-03-30,1420.86,1406.82,25.494,83.15,0.2690500135,0.0494,0.053,0.0627,0.0493,-0.0124806913,0.0091056959,-0.0145,-0.0231,0.001587551
2007-04-30,1482.37,1420.86,25.7193,83.7402,0.2544561689,0.0487,0.0547,0.0639,0.0489,-0.0089050721,0.0064961627,0.0085,0.014,0.0005821437
2007-05-31,1530.62,1482.37,25.9447,84.3305,0.2439114941,0.0473,0.0547,0.0639,0.051,-0.0102762607,0.0061107187,-0.02,-0.0178,0.0006965496
2007-06-29,1503.35,1530.62,26.17,84.9207,0.24789561,0.0461,0.0579,0.067,0.0521,-0.0110574783,0.0019379752,-0.0091,-0.0148,0.001472429
2007-07-31,1455.27,1503.35,26.4393,82.8141,0.2515849644,0.0482,0.0573,0.0665,0.0501,-0.0152554672,-0.0002543772,0.0284,-0.0032,0.0024262621
2007-08-31,1473.99,1455.27,26.7087,80.7074,0.2488398512,0.042,0.0579,0.0665,0.0487,-0.0121935629,-0.0018339022,0.0199,0.0152,0.0051340441
2007-09-28,1526.75,1473.99,26.978,78.6007,0.2392074367,0.0389,0.0574,0.0659,0.0489,-0.013010957,0.0027559074,0.0012,0.0135,0.0018684314
2007-10-31,1549.38,1526.75,27.2293,74.4607,0.2386170601,0.039,0.0566,0.0648,0.048,-0.0179532052,0.0021391913,0.0155,0.0088,0.0016828912
2007-11-30,1481.14,1549.38,27.4807,70.3207,0.2485796916,0.0327,0.0544,0.064,0.0445,-0.0252099346,0.0059396179,0.0468,0.0079,0.0056368201
2007-12-31,1468.36,1481.14,27.732,66.1807,0.2505829731,0.03,0.0549,0.0665,0.045,-0.0415914375,-0.0006708631,-0.0029,0.0028,0.002345333
2008-01-31,1378.55,1468.36,27.922,64.2507,0.2627544223,0.0275,0.0533,0.0654,0.0436,-0.0441865769,0.0049705765,0.0213,0.0017,0.0048317986
2008-02-29,1330.63,1378.55,28.112,62.3207,0.270979321,0.0212,0.0553,0.0682,0.0438,-0.050637917,0.0029041122,0.0018,-0.0071,0.0032256551
2008-03-31,1322.7,1330.63,28.302,60.3907,0.2540575672,0.0126,0.0551,0.0689,0.0432,-0.0528770419,0.0086682129,0.0106,-0.0059,0.0063376489
2008-04-30,1385.59,1322.7,28.4387,57.3838,0.2430146964,0.0129,0.0555,0.0697,0.0458,-0.0498332126,0.0060647784,-0.0288,0.0091,0.0029036914
2008-05-30,1400.38,1385.59,28.5753,54.3769,0.2465106122,0.0173,0.0557,0.0693,0.0475,-0.0463804743,0.008420886,-0.0164,-0.0277,0.0016406621
2008-06-30,1280.0,1400.38,28.712,51.37,0.2744913881,0.0186,0.0568,0.0707,0.046,-0.0483725324,0.0100769969,0.022,-0.0061,0.0034251768
2008-07-31,1267.38,1280.0,28.7593,49.5633,0.2738156551,0.0163,0.0567,0.0716,0.0465,-0.0479465344,0.0052510111,-0.0025,-0.0109,0.004465911
2008-08-29,1282.83,1267.38,28.8067,47.7567,0.2698892455,0.0172,0.0564,0.0715,0.0449,-0.0474507831,-0.0039915623,0.0242,0.0121,0.0034478913
2008-09-30,1166.36,1282.83,28.854,45.95,0.2871235482,0.0113,0.0565,0.0731,0.0443,-0.0503141122,-0.0013830185,0.0112,-0.0863,0.0237746954
2008-10-31,968.75,1166.36,28.6983,35.5933,0.3340993736,0.0067,0.0628,0.0888,0.0478,-0.0576541915,-0.0101013333,-0.0383,-0.045,0.0580884926
2008-11-28,896.24,968.75,28.5427,25.2367,0.3528673559,0.0019,0.0612,0.0921,0.0372,-0.0545507177,-0.0191528953,0.1443,0.1174,0.0362570851
2008-12-31,903.25,896.24,28.387,14.88,0.3549842247,0.0003,0.0505,0.0843,0.0303,-0.0247680042,-0.0103424738,0.0967,0.156,0.0200899467
2009-01-30,825.88,903.25,28.0097,12.2067,0.3893931402,0.0013,0.0505,0.0814,0.0394,-0.0253466663,0.0043524174,-0.1124,-0.0949,0.0119710969
2009-02-27,735.09,825.88,27.6323,9.5333,0.441103055,0.003,0.0527,0.0808,0.0401,-0.0252595038,0.004972933,-0.0056,-0.0308,0.0099611624
2009-03-31,797.87,735.09,27.255,6.86,0.2965282852,0.0021,0.055,0.0842,0.0355,-0.0377581365,0.0024317485,0.0641,-0.0018,0.0203644278
2009-04-30,872.81,797.87,26.7013,7.0767,0.2762275775,0.0016,0.0539,0.0839,0.041,-0.0313604081,0.0024963683,-0.0649,-0.003,0.0075510657
2009-05-29,919.14,872.81,26.1477,7.2933,0.2654320479,0.0018,0.0554,0.0806,0.0432,-0.0247790375,0.0028887638,-0.0248,0.0489,0.0063810914
2009-06-30,919.32,919.14,25.594,7.51,0.2671078489,0.0018,0.0561,0.075,0.0429,-0.022539012,0.0085898923,0.0083,0.035,0.0034725229
2009-07-31,987.48,919.32,25.0297,9.1867,0.2460047909,0.0018,0.0541,0.0709,0.043,-0.0141895962,-0.0015855869,0.0019,0.0565,0.0037711532
2009-08-31,1020.62,987.48,24.4653,10.8633,0.2375940895,0.0017,0.0526,0.0658,0.0415,-0.0081732327,0.00224285,0.0231,0.0235,0.0021777354
2009-09-30,1057.08,1020.62,23.901,12.54,0.232310024,0.0012,0.0513,0.0631,0.0403,-6.33741e-05,0.0006254807,0.0176,0.0273,0.0019126576
2009-10-30,1036.19,1057.08,23.4023,25.35,0.2322992609,0.0007,0.0515,0.0629,0.042,0.0031459493,0.0009631012,-0.0171,0.0016,0.0038980191
2009-11-30,1095.63,1036.19,22.9037,38.16,0.2181048716,0.0005,0.0519,0.0632,0.0406,0.0074640339,0.0007077534,0.0208,0.0044,0.0020013324
2009-12-31,1115.1,1095.63,22.405,50.97,0.2163645169,0.0005,0.0526,0.0637,0.0458,0.0105338212,-0.0017611982,-0.0584,-0.0275,0.0009334541
2010-01-29,1073.87,1115.1,22.238,54.29,0.2241170201,0.0006,0.0526,0.0625,0.0441,0.0133501504,0.0034174736,0.0264,0.0096,0.0019917045
2010-02-26,1104.49,1073.87,22.071,57.61,0.2185184683,0.0011,0.0535,0.0634,0.0441,0.0138626995,0.0002492074,0.0032,0.0039,0.0023732563
2010-03-31,1169.43,1104.49,21.904,60.93,0.3818781703,0.0015,0.0527,0.0627,0.0458,0.0263372317,0.0041062835,-0.0179,0.0045,0.0006334369
2010-04-30,1186.69,1169.43,21.9483,62.9867,0.3766061292,0.0016,0.0529,0.0625,0.0437,0.0266170506,0.0017368849,0.0304,0.0357,0.0017938674
2010-05-28,1089.41,1186.69,21.9927,65.0433,0.4090027948,0.0016,0.0496,0.0605,0.0407,0.0256826975,0.0007751974,0.0437,-0.0051,0.0081077913
2010-06-30,1030.71,1089.41,22.037,67.1,0.4241765415,0.0012,0.0488,0.0623,0.0376,0.018726384,-0.0009762671,0.0446,0.0519,0.0055917262
2010-07-30,1101.6,1030.71,22.1423,68.6867,0.3961335532,0.0016,0.0472,0.0601,0.0377,0.0155178148,0.0002110431,0.0024,0.017,0.0033488263
2010-08-31,1049.33,1101.6,22.2477,70.2733,0.4139816191,0.0016,0.0449,0.0566,0.0327,0.011120043,0.0013806643,0.0702,0.0473,0.0027046066
2010-09-30,1141.2,1049.33,22.353,71.86,0.3843057828,0.0015,0.0453,0.0566,0.0341,0.0032391646,0.0005817362,-0.0153,-0.0144,0.0023371919
2010-10-29,1183.26,1141.2,22.4783,73.69,0.3728872859,0.0013,0.0468,0.0572,0.0367,0.0071447693,0.0012451989,-0.0317,-0.0203,0.0010800444
2010-11-30,1180.55,1183.26,22.6037,75.52,0.3766947543,0.0014,0.0487,0.0592,0.038,0.0147596386,0.0004206464,-0.0137,-0.0057,0.0017379156
2010-12-31,1257.64,1180.55,22.729,77.35,0.3581003169,0.0014,0.0502,0.061,0.0414,0.0125735064,0.0017184408,-0.0388,-0.0036,0.00083212
2011-01-31,1286.12,1257.64,22.963,78.67,0.3486322237,0.0015,0.0504,0.0609,0.0432,0.0153358819,0.0047632301,-0.0196,-0.0198,0.0008632404
2011-02-28,1327.22,1286.12,23.197,79.99,0.3390965735,0.0013,0.0522,0.0615,0.0426,0.0158965366,0.004931365,0.0113,0.0157,0.0010655488
2011-03-31,1325.83,1327.22,23.431,81.31,0.3542699394,0.001,0.0513,0.0603,0.0429,0.0124542545,0.009751072,-0.0006,-0.0072,0.0023472688
2011-04-29,1363.61,1325.83,23.7343,82.1633,0.3406968012,0.0006,0.0516,0.0602,0.0416,0.009363301,0.0064394295,0.0199,0.0239,0.0006365422
2011-05-31,1345.2,1363.61,24.0377,83.0167,0.3472221891,0.0004,0.0496,0.0578,0.0391,0.0090947339,0.0047041875,0.0355,0.0257,0.0009341908
2011-06-30,1320.64,1345.2,24.341,83.87,0.3515700392,0.0004,0.0499,0.0575,0.0409,0.0117181203,-0.0010709671,-0.0179,-0.021,0.0022947485
2011-07-29,1292.28,1320.64,24.621,84.9067,0.359418903,0.0004,0.0493,0.0576,0.0378,0.012368431,0.0008860457,0.0422,0.0473,0.0018307592
2011-08-31,1218.89,1292.28,24.901,85.9433,0.3758125221,0.0002,0.0437,0.0536,0.0315,0.0127669282,0.0027575889,0.0862,0.024,0.0192221988
2011-09-30,1131.42,1218.89,25.181,86.98,0.399922847,0.0001,0.0409,0.0527,0.0265,0.0130924463,0.0015184621,0.0704,0.0575,0.0069157356
2011-10-31,1253.3,1131.42,25.5957,86.97,0.3650779046,0.0002,0.0398,0.0537,0.0291,0.0079284603,-0.0020626826,-0.0306,0.0094,0.0074008814
2011-11-30,1246.96,1253.3,26.0103,86.96,0.3623298975,0.0001,0.0387,0.0514,0.0273,-0.0043355703,-0.0008435613,0.0251,-0.0356,0.0076795427
2011-12-30,1257.6,1246.96,26.425,86.95,0.3572325407,0.0001,0.0393,0.0525,0.0255,-0.0064950914,-0.0024665164,0.027,0.0512,0.0027640646
2012-01-31,1312.41,1257.6,26.7343,87.48,0.3454873026,0.0003,0.0385,0.0523,0.0249,-0.0130701362,0.0044001914,0.0002,0.0194,0.0006481559
2012-02-29,1365.68,1312.41,27.0437,88.01,0.3369739354,0.0009,0.0385,0.0514,0.0272,-0.0144668423,0.0044029736,-0.0196,0.0057,0.0006236909
2012-03-30,1408.47,1365.68,27.353,88.54,0.3461819674,0.0008,0.0399,0.0523,0.0297,-0.0137731185,0.0075945586,-0.0302,-0.0303,0.0011553018
2012-04-30,1397.91,1408.47,27.6753,88.3333,0.3461403112,0.0008,0.0396,0.0519,0.0268,-0.0124042349,0.0030210295,0.0409,0.0251,0.0016275337
2012-05-31,1310.33,1397.91,27.9977,88.1267,0.3690473597,0.0009,0.038,0.0507,0.0221,-0.0160615388,-0.0011734794,0.0643,0.0344,0.0014960927
2012-06-29,1362.16,1310.33,28.32,87.92,0.3551038851,0.0009,0.0364,0.0502,0.0233,-0.0198201448,-0.0014663969,-0.0136,0.0064,0.0034372579
2012-07-31,1379.32,1362.16,28.7433,87.4467,0.3515937051,0.001,0.034,0.0487,0.0216,-0.021091208,-0.0016297859,0.0247,0.0612,0.0015528655
2012-08-31,1406.58,1379.32,29.1667,86.9733,0.3493870523,0.001,0.0348,0.0491,0.0223,-0.0205355781,0.0055651582,-0.0068,-0.0093,0.0007271255
2012-09-28,1440.67,1406.58,29.59,86.5,0.3403829538,0.0011,0.0349,0.0484,0.0235,-0.0181530818,0.0044622123,-0.0146,-0.0126,0.001044683
2012-10-31,1412.16,1440.67,30.1423,86.5033,0.3492371221,0.001,0.0347,0.0458,0.0238,-0.0164432895,-0.0003889251,-0.0014,0.0206,0.0009255257
2012-11-30,1416.18,1412.16,30.6946,86.5067,0.3511375309,0.0009,0.035,0.0451,0.0228,-0.012810835,-0.0047380867,0.0144,-0.0092,0.0019026506
2012-12-31,1426.19,1416.18,31.2469,86.51,0.3490324432,0.0007,0.0365,0.0463,0.0246,-0.0122580261,-0.0026930645,-0.0202,-0.0062,0.0010357123
2013-01-31,1498.11,1426.19,31.5353,86.9067,0.3299840266,0.0007,0.038,0.0473,0.0291,-0.0086791445,0.0029573042,-0.0332,-0.0313,0.0009067699
2013-02-28,1514.68,1498.11,31.8236,87.3033,0.3254312323,0.001,0.039,0.0485,0.0285,-0.0095256563,0.0081900295,0.0114,0.0093,0.0012427657
2013-03-28,1569.19,1514.68,32.1119,87.7,0.3461299966,0.0009,0.0393,0.0485,0.0287,-0.009549838,0.0026145086,-0.0062,-0.0018,0.0004844991
2013-04-30,1597.57,1569.19,32.4967,88.7833,0.3400362539,0.0006,0.0373,0.0459,0.0264,-0.0086683749,-0.0010396395,0.0378,0.0349,0.0016827298
2013-05-31,1630.74,1597.57,32.8815,89.8667,0.3338325978,0.0004,0.0389,0.0473,0.0309,-0.0046897183,0.0017804078,-0.0629,-0.0536,0.0010155597
2013-06-28,1606.28,1630.74,33.2663,90.95,0.338444358,0.0005,0.0427,0.0519,0.033,0.0001455983,0.0023997081,-0.0285,-0.0371,0.0022476411
2013-07-31,1685.73,1606.28,33.6455,92.09,0.3255625651,0.0004,0.0434,0.0532,0.0344,0.0083903967,0.0003939975,-0.0173,0.0031,0.0005020771
2013-08-30,1632.97,1685.73,34.0247,93.23,0.3407133274,0.0004,0.0454,0.0542,0.0351,0.0103574955,0.0012029316,-0.0079,-0.0074,0.0009504377
2013-09-30,1681.55,1632.97,34.4039,94.37,0.3335214846,0.0002,0.0464,0.0547,0.0349,0.010143778,0.0011630045,0.0061,0.0014,0.0006222294
2013-10-31,1756.54,1681.55,34.6,96.3133,0.324594825,0.0005,0.0453,0.0531,0.0342,0.0096467561,-0.0025752833,0.0128,0.0211,0.0014383614
2013-11-29,1805.81,1756.54,34.796,98.2567,0.3136852784,0.0007,0.0463,0.0538,0.0361,0.0103455674,-0.0020424242,-0.0236,-0.0086,0.0006444174
2013-12-31,1848.36,1805.81,34.992,100.2,0.3044081256,0.0007,0.0462,0.0538,0.0378,0.012168529,-8.58115e-05,-0.0207,0.0002,0.000745536
2014-01-31,1782.59,1848.36,35.4039,100.4167,0.3214292767,0.0004,0.0449,0.0519,0.0342,0.0137911111,0.0037202477,0.0548,0.0331,0.0013035689
2014-02-28,1859.45,1782.59,35.8158,100.6333,0.3091630718,0.0005,0.0445,0.051,0.0339,0.0166176547,0.0036979087,0.0074,0.0168,0.0012535627
2014-03-31,1872.34,1859.45,36.2277,100.85,0.3506160657,0.0005,0.0438,0.0506,0.0337,0.0164630726,0.0064400441,0.0063,0.0062,0.0008690643
2014-04-30,1883.95,1872.34,36.612,101.6067,0.3480113191,0.0003,0.0424,0.049,0.0326,0.016696287,0.0032967545,0.0181,0.016,0.0013626644
2014-05-30,1923.57,1883.95,36.9963,102.3633,0.345173256,0.0003,0.0416,0.0476,0.0309,0.0140260119,0.0034926098,0.0279,0.0188,0.0005551927
2014-06-30,1960.23,1923.57,37.3807,103.12,0.3429284585,0.0004,0.0425,0.048,0.0313,0.0139312308,0.0018621269,-0.0025,0.002,0.0002819987
2014-07-31,1930.67,1960.23,37.752,104.0667,0.3483798518,0.0003,0.0416,0.0473,0.031,0.0084728432,-0.000390194,0.0057,0.0024,0.000949121
2014-08-29,2003.37,1930.67,38.1233,105.0133,0.337476204,0.0003,0.0408,0.0469,0.0287,0.0067699299,-0.0016705142,0.0369,0.0356,0.000546197
2014-09-30,1972.29,2003.37,38.4946,105.96,0.3385761813,0.0002,0.0411,0.048,0.03,0.008024088,0.0007525688,-0.017,-0.0271,0.0007210135
2014-10-31,2018.05,1972.29,38.8108,104.7433,0.3318083646,0.0002,0.0392,0.0469,0.0282,0.0080682284,-0.0025122778,0.03,0.0225,0.0029439644
2014-11-28,2067.56,2018.05,39.127,103.5267,0.323661786,0.0002,0.0392,0.0479,0.0264,0.0069253154,-0.0053994179,0.0286,0.0173,0.0001502621
2014-12-31,2058.9,2067.56,39.4431,102.31,0.3237556717,0.0003,0.0379,0.0474,0.0246,0.0056560064,-0.0056701009,0.029,0.0183,0.0019928413
2015-01-30,1994.99,2058.9,39.8976,101.29,0.3361687625,0.0003,0.0346,0.0445,0.02,0.0002129631,-0.0047058924,0.0709,0.0599,0.0022266481
2015-02-27,2104.5,1994.99,40.3521,100.27,0.318227291,0.0002,0.0361,0.0451,0.0238,-0.0037625367,0.0043430449,-0.0523,-0.032,0.0008135195
2015-03-31,2067.89,2104.5,40.8066,99.25,0.3074540451,0.0003,0.0364,0.0454,0.023,-0.0068998347,0.0059517216,0.0137,0.0058,0.0017203796
2015-04-30,2085.51,2067.89,41.1184,97.8033,0.3063442097,0.0002,0.0352,0.0448,0.0249,-0.0070845447,0.0020328733,-0.025,-0.0223,0.0005743378
2015-05-29,2107.39,2085.51,41.4302,96.3567,0.303449953,0.0002,0.0398,0.0489,0.0262,-0.0075095745,0.005097232,-0.0159,-0.0204,0.0008870031
2015-06-30,2063.11,2107.39,41.742,94.91,0.3101868327,0.0002,0.0419,0.0513,0.0285,-0.0080982771,0.00350287,-0.0298,-0.032,0.0010521363
2015-07-31,2103.84,2063.11,41.9981,93.4933,0.3089532648,0.0003,0.0415,0.052,0.0263,-0.0080701761,6.70472e-05,0.0329,0.0239,0.0011597781
2015-08-31,1972.18,2103.84,42.2543,92.0767,0.3306709874,0.0007,0.0404,0.0519,0.0264,-0.0095350372,-0.0014162763,0.0012,-0.0067,0.0058469964
2015-09-30,1920.03,1972.18,42.5104,90.66,0.3356119548,0.0002,0.0407,0.0534,0.0253,-0.0129888187,-0.0015567566,0.0174,0.0133,0.0040534792
2015-10-30,2079.36,1920.03,42.8029,89.2833,0.3094136283,0.0002,0.0395,0.0534,0.0259,-0.0162028983,-0.0004496838,-0.0053,0.002,0.001618901
2015-11-30,2080.41,2079.36,43.0954,87.9067,0.3084291577,0.0012,0.0406,0.0546,0.0265,-0.0178043359,-0.0021106804,-0.0065,0.002,0.0011187215
2015-12-31,2043.94,2080.41,43.3879,86.53,0.3136488144,0.0023,0.0397,0.0546,0.0268,-0.0216044089,-0.0034170964,-0.0022,0.0,0.0028385655
2016-01-29,1940.24,2043.94,43.5506,86.5,0.3319106296,0.0026,0.04,0.0545,0.0236,-0.0202564289,0.0016531022,0.0476,0.0067,0.0043012482
2016-02-29,1932.23,1940.24,43.7133,86.47,0.3309018254,0.0031,0.0396,0.0534,0.0217,-0.0240177941,0.0008230765,0.0294,0.0232,0.0026015071
2016-03-31,2059.74,1932.23,43.8759,86.44,0.3279547913,0.0029,0.0382,0.0513,0.0218,-0.0229933986,0.0043060001,-0.0003,0.0423,0.0012741767
2016-04-29,2065.3,2059.74,44.0706,86.6,0.3263208887,0.0023,0.0362,0.0479,0.0223,-0.0235486375,0.004741068,-0.0053,0.0146,0.000817784
2016-05-31,2096.95,2065.3,44.2652,86.76,0.3260721193,0.0027,0.0365,0.0468,0.0219,-0.0269996206,0.004045791,0.0082,0.0016,0.0009955771
2016-06-30,2098.86,2096.95,44.4599,86.92,0.3234753617,0.0027,0.035,0.0453,0.0179,-0.0286768353,0.0032843662,0.059,0.0377,0.0028644366
2016-07-29,2173.6,2098.86,44.6485,87.6433,0.3146611589,0.003,0.0328,0.0422,0.0175,-0.0316609346,-0.0016181364,0.0081,0.0245,0.0004776474
2016-08-31,2170.95,2173.6,44.8371,88.3667,0.3151974253,0.003,0.0332,0.0424,0.0186,-0.0307200695,0.0009184301,-0.014,0.0016,0.0002791676
2016-09-30,2168.27,2170.95,45.0257,89.09,0.3167938869,0.0029,0.0341,0.0431,0.0196,-0.0325444332,0.0024039959,-0.0124,-0.0119,0.0016731028
2016-10-31,2126.15,2168.27,45.2507,90.91,0.3196877815,0.0033,0.0351,0.0438,0.022,-0.0289968044,0.0012467485,-0.0314,-0.0263,0.0003640698
2016-11-30,2198.81,2126.15,45.4756,92.73,0.3032857864,0.0045,0.0386,0.0471,0.0267,-0.0273605904,-0.0015554609,-0.0599,-0.051,0.0009463678
2016-12-30,2238.83,2198.81,45.7006,94.55,0.2934790969,0.0051,0.0406,0.0483,0.0272,-0.0250115072,0.0003273214,-0.0057,0.0059,0.0005240215
2017-01-31,2278.87,2238.83,45.9279,96.4633,0.29197965,0.0051,0.0392,0.0466,0.0278,-0.0225615661,0.0058277279,0.0043,-0.0021,0.0003355919
2017-02-28,2363.64,2278.87,46.1552,98.3767,0.2786778326,0.0052,0.0395,0.0464,0.027,-0.0186207191,0.0031461174,0.0137,0.0212,0.000223899
2017-03-31,2362.72,2363.64,46.3824,100.29,0.2815988893,0.0074,0.0401,0.0468,0.0274,-0.0161490996,0.0008127979,-0.004,-0.0062,0.0005753064
2017-04-28,2384.2,2362.72,46.6613,101.5333,0.2778700263,0.008,0.0387,0.0457,0.0265,-0.0154952214,0.0029655334,0.0145,0.0176,0.000390542
2017-05-31,2411.8,2384.2,46.9402,102.7767,0.2769687672,0.0089,0.0385,0.0455,0.0256,-0.0101008557,0.0008547218,0.0158,0.0226,0.0005030807
2017-06-30,2423.41,2411.8,47.219,104.02,0.2725452275,0.0098,0.0368,0.0437,0.0258,-0.0097025667,0.000907111,-0.001,0.0108,0.0004475632
2017-07-31,2470.3,2423.41,47.537,105.04,0.2658036788,0.0107,0.037,0.0439,0.0262,-0.0131041772,-0.0006899226,-0.0027,0.006,0.0002588621
2017-08-31,2471.65,2470.3,47.8551,106.06,0.2651136136,0.0101,0.0363,0.0431,0.0242,-0.0121385107,0.0029944523,0.0289,0.0153,0.0007533742
2017-09-29,2519.36,2471.65,48.1731,107.08,0.2597061668,0.0103,0.0363,0.043,0.0259,-0.0110122584,0.0052949059,-0.0205,-0.0037,0.0002572432
2017-10-31,2575.26,2519.36,48.4261,108.0133,0.2489061986,0.0107,0.036,0.0432,0.0261,-0.0123430373,-0.0006320421,-0.0013,0.0076,0.0002181465
2017-11-30,2584.84,2575.26,48.679,108.9467,0.2397271007,0.0123,0.0357,0.0427,0.026,-0.0122054167,2.43247e-05,0.0036,0.002,0.0003553303
2017-12-29,2673.61,2584.84,48.932,109.88,0.2353933431,0.0132,0.0351,0.0422,0.0254,-0.019900371,-0.0005878323,0.0102,0.0256,0.000244097
2018-01-31,2823.81,2673.61,50.003,115.44,0.2225191486,0.0141,0.0355,0.0426,0.0284,-0.0190635203,0.0054477455,-0.0315,-0.0243,0.0007742701
2018-02-28,2713.83,2823.81,50.003,115.44,0.2324780656,0.0157,0.0382,0.0451,0.0301,-0.0183423893,0.00453469,-0.0224,-0.0313,0.0053616283
2018-03-29,2640.87,2713.83,50.003,115.44,0.2473535337,0.017,0.0387,0.0464,0.0285,-0.0182483062,0.0022611259,0.0259,0.0124,0.0032467318
2018-04-30,2648.05,2640.87,50.9903,122.48,0.2467389158,0.0176,0.0385,0.0467,0.03,-0.0186283,0.0039750916,-0.0177,-0.02,0.0023626805
2018-05-31,2705.27,2648.05,50.9903,122.48,0.2441853089,0.0186,0.04,0.0483,0.0289,-0.018956545,0.0041589169,0.0164,0.014,0.0009227236
2018-06-29,2718.37,2705.27,50.9903,122.48,0.2456383635,0.019,0.0396,0.0483,0.0291,-0.0221277827,0.0015938757,0.0007,-0.0124,0.0006228576
2018-07-31,2816.29,2718.37,52.339,130.39,0.2345837049,0.0196,0.0387,0.0479,0.0302,-0.0171195397,6.74633e-05,-0.0131,0.0101,0.0006544228
2018-08-31,2901.52,2816.29,52.339,130.39,0.2296179766,0.0203,0.0388,0.0477,0.0293,-0.0214953989,0.0005555423,0.0152,0.0058,0.0004712408
2018-09-28,2913.98,2901.52,52.339,130.39,0.2253352324,0.0213,0.0398,0.0488,0.0334,-0.0208705049,0.0011620252,-0.0518,-0.012,0.0002300751
2018-10-31,2711.74,2913.98,53.7482,132.39,0.237380411,0.0225,0.0414,0.0507,0.0352,-0.0212222003,0.0017667635,-0.0204,-0.0323,0.004577565
2018-11-30,2760.17,2711.74,53.7482,132.39,0.2334514075,0.0233,0.0422,0.0522,0.0317,-0.0245926607,-0.0033493485,0.0505,0.0071,0.0028376153
2018-12-31,2506.85,2760.17,53.7482,132.39,0.2555781655,0.0237,0.0402,0.0513,0.0284,-0.0192174493,-0.0031939628,0.0481,0.037,0.0067930785
