date,GSPC,lag_GSPC_1,lead_GSPC_1,rfr,lag_rfr_1,lag_date_1,lead_date_1
1/31/1985,179.6300049,167.2400055,181.1799927,8.050000191,7.849999905,12/31/1984,2/28/1985
2/28/1985,181.1799927,179.6300049,180.6600037,8.5,8.050000191,1/31/1985,3/29/1985
3/29/1985,180.6600037,181.1799927,179.8300018,8.180000305,8.5,2/28/1985,4/30/1985
4/30/1985,179.8300018,180.6600037,189.5500031,7.849999905,8.180000305,3/29/1985,5/31/1985
5/31/1985,189.5500031,179.8300018,191.8500061,7.139999866,7.849999905,4/30/1985,6/28/1985
6/28/1985,191.8500061,189.5500031,190.9199982,6.829999924,7.139999866,5/31/1985,7/31/1985
7/31/1985,190.9199982,191.8500061,188.6300049,7.28000021,6.829999924,6/28/1985,8/30/1985
8/30/1985,188.6300049,190.9199982,182.0800018,7.139999866,7.28000021,7/31/1985,9/30/1985
9/30/1985,182.0800018,188.6300049,189.8200073,7.039999962,7.139999866,8/30/1985,10/31/1985
10/31/1985,189.8200073,182.0800018,202.1699982,7.190000057,7.039999962,9/30/1985,11/29/1985
11/29/1985,202.1699982,189.8200073,211.2799988,7.159999847,7.190000057,10/31/1985,12/31/1985
12/31/1985,211.2799988,202.1699982,211.7799988,7.050000191,7.159999847,11/29/1985,1/31/1986
1/31/1986,211.7799988,211.2799988,226.9199982,6.96999979,7.050000191,12/31/1985,2/28/1986
2/28/1986,226.9199982,211.7799988,238.8999939,7.019999981,6.96999979,1/31/1986,3/31/1986
3/31/1986,238.8999939,226.9199982,235.5200043,6.340000153,7.019999981,2/28/1986,4/30/1986
4/30/1986,235.5200043,238.8999939,247.3500061,6.099999905,6.340000153,3/31/1986,5/30/1986
5/30/1986,247.3500061,235.5200043,250.8399963,6.300000191,6.099999905,4/30/1986,6/30/1986
6/30/1986,250.8399963,247.3500061,236.1199951,5.960000038,6.300000191,5/30/1986,7/31/1986
7/31/1986,236.1199951,250.8399963,252.9299927,5.789999962,5.960000038,6/30/1986,8/29/1986
8/29/1986,252.9299927,236.1199951,231.3200073,5.170000076,5.789999962,7/31/1986,9/30/1986
9/30/1986,231.3200073,252.9299927,243.9799957,5.199999809,5.170000076,8/29/1986,10/31/1986
10/31/1986,243.9799957,231.3200073,249.2200012,5.199999809,5.199999809,9/30/1986,11/28/1986
11/28/1986,249.2200012,243.9799957,242.1699982,5.389999866,5.199999809,10/31/1986,12/31/1986
12/31/1986,242.1699982,249.2200012,274.0799866,5.670000076,5.389999866,11/28/1986,1/30/1987
1/30/1987,274.0799866,242.1699982,284.2000122,5.599999905,5.670000076,12/31/1986,2/27/1987
2/27/1987,284.2000122,274.0799866,291.7000122,5.449999809,5.599999905,1/30/1987,3/31/1987
3/31/1987,291.7000122,284.2000122,288.3599854,5.610000134,5.449999809,2/27/1987,4/30/1987
4/30/1987,288.3599854,291.7000122,290.1000061,5.53000021,5.610000134,3/31/1987,5/29/1987
5/29/1987,290.1000061,288.3599854,304,5.679999828,5.53000021,4/30/1987,6/30/1987
6/30/1987,304,290.1000061,318.6600037,5.730000019,5.679999828,5/29/1987,7/31/1987
7/31/1987,318.6600037,304,329.7999878,6.070000172,5.730000019,6/30/1987,8/31/1987
8/31/1987,329.7999878,318.6600037,321.8299866,6.25,6.070000172,7/31/1987,9/30/1987
9/30/1987,321.8299866,329.7999878,251.7899933,6.610000134,6.25,8/31/1987,10/30/1987
10/30/1987,251.7899933,321.8299866,230.3000031,5.269999981,6.610000134,9/30/1987,11/30/1987
11/30/1987,230.3000031,251.7899933,247.0800018,5.210000038,5.269999981,10/30/1987,12/31/1987
12/31/1987,247.0800018,230.3000031,257.0700073,5.679999828,5.210000038,11/30/1987,1/29/1988
1/29/1988,257.0700073,247.0800018,267.8200073,5.639999866,5.679999828,12/31/1987,2/29/1988
2/29/1988,267.8200073,257.0700073,258.8900146,5.619999886,5.639999866,1/29/1988,3/31/1988
3/31/1988,258.8900146,267.8200073,261.3299866,5.710000038,5.619999886,2/29/1988,4/29/1988
4/29/1988,261.3299866,258.8900146,262.1600037,5.980000019,5.710000038,3/31/1988,5/31/1988
5/31/1988,262.1600037,261.3299866,273.5,6.429999828,5.980000019,4/29/1988,6/30/1988
6/30/1988,273.5,262.1600037,272.019989,6.559999943,6.429999828,5/31/1988,7/29/1988
7/29/1988,272.019989,273.5,261.519989,6.949999809,6.559999943,6/30/1988,8/31/1988
8/31/1988,261.519989,272.019989,271.9100037,7.300000191,6.949999809,7/29/1988,9/30/1988
9/30/1988,271.9100037,261.519989,278.9700012,7.25,7.300000191,8/31/1988,10/31/1988
10/31/1988,278.9700012,271.9100037,273.7000122,7.360000134,7.25,9/30/1988,11/30/1988
11/30/1988,273.7000122,278.9700012,277.7200012,7.829999924,7.360000134,10/31/1988,12/30/1988
12/30/1988,277.7200012,273.7000122,297.4700012,8.100000381,7.829999924,11/30/1988,1/31/1989
1/31/1989,297.4700012,277.7200012,288.8599854,8.390000343,8.100000381,12/30/1988,2/28/1989
2/28/1989,288.8599854,297.4700012,294.8699951,8.710000038,8.390000343,1/31/1989,3/31/1989
3/31/1989,294.8699951,288.8599854,309.6400146,8.899999619,8.710000038,2/28/1989,4/28/1989
4/28/1989,309.6400146,294.8699951,320.519989,8.409999847,8.899999619,3/31/1989,5/31/1989
5/31/1989,320.519989,309.6400146,317.980011,8.609999657,8.409999847,4/28/1989,6/30/1989
6/30/1989,317.980011,320.519989,346.0799866,7.989999771,8.609999657,5/31/1989,7/31/1989
7/31/1989,346.0799866,317.980011,351.4500122,7.800000191,7.989999771,6/30/1989,8/31/1989
8/31/1989,351.4500122,346.0799866,349.1499939,7.889999866,7.800000191,7/31/1989,9/29/1989
9/29/1989,349.1499939,351.4500122,340.3599854,7.909999847,7.889999866,8/31/1989,10/31/1989
10/31/1989,340.3599854,349.1499939,345.9899902,7.769999981,7.909999847,9/29/1989,11/30/1989
11/30/1989,345.9899902,340.3599854,353.3999939,7.590000153,7.769999981,10/31/1989,12/29/1989
12/29/1989,353.3999939,345.9899902,329.0799866,7.550000191,7.590000153,11/30/1989,1/31/1990
1/31/1990,329.0799866,353.3999939,331.8900146,7.739999771,7.550000191,12/29/1989,2/28/1990
2/28/1990,331.8900146,329.0799866,339.9400024,7.769999981,7.739999771,1/31/1990,3/30/1990
3/30/1990,339.9400024,331.8900146,330.7999878,7.800000191,7.769999981,2/28/1990,4/30/1990
4/30/1990,330.7999878,339.9400024,361.230011,7.789999962,7.800000191,3/30/1990,5/31/1990
5/31/1990,361.230011,330.7999878,358.019989,7.75,7.789999962,4/30/1990,6/29/1990
6/29/1990,358.019989,361.230011,356.1499939,7.739999771,7.75,5/31/1990,7/31/1990
7/31/1990,356.1499939,358.019989,322.5599976,7.489999771,7.739999771,6/29/1990,8/31/1990
8/31/1990,322.5599976,356.1499939,306.0499878,7.389999866,7.489999771,7/31/1990,9/28/1990
9/28/1990,306.0499878,322.5599976,304,7.139999866,7.389999866,8/31/1990,10/31/1990
10/31/1990,304,306.0499878,322.2200012,7.110000134,7.139999866,9/28/1990,11/30/1990
11/30/1990,322.2200012,304,330.2200012,7.019999981,7.110000134,10/31/1990,12/31/1990
12/31/1990,330.2200012,322.2200012,343.9299927,6.440000057,7.019999981,11/30/1990,1/31/1991
1/31/1991,343.9299927,330.2200012,367.0700073,6.190000057,6.440000057,12/31/1990,2/28/1991
2/28/1991,367.0700073,343.9299927,375.2200012,6.039999962,6.190000057,1/31/1991,3/28/1991
3/28/1991,375.2200012,367.0700073,375.3399963,5.739999771,6.039999962,2/28/1991,4/30/1991
4/30/1991,375.3399963,375.2200012,389.8299866,5.510000229,5.739999771,3/28/1991,5/31/1991
5/31/1991,389.8299866,375.3399963,371.1600037,5.53000021,5.510000229,4/30/1991,6/28/1991
6/28/1991,371.1600037,389.8299866,387.8099976,5.539999962,5.53000021,5/31/1991,7/31/1991
7/31/1991,387.8099976,371.1600037,395.4299927,5.53000021,5.539999962,6/28/1991,8/30/1991
8/30/1991,395.4299927,387.8099976,387.8599854,5.329999924,5.53000021,7/31/1991,9/30/1991
9/30/1991,387.8599854,395.4299927,392.4500122,5.110000134,5.329999924,8/30/1991,10/31/1991
10/31/1991,392.4500122,387.8599854,375.2200012,4.820000172,5.110000134,9/30/1991,11/29/1991
11/29/1991,375.2200012,392.4500122,417.0899963,4.349999905,4.820000172,10/31/1991,12/31/1991
12/31/1991,417.0899963,375.2200012,408.7799988,3.880000114,4.349999905,11/29/1991,1/31/1992
1/31/1992,408.7799988,417.0899963,412.7000122,3.839999914,3.880000114,12/31/1991,2/28/1992
2/28/1992,412.7000122,408.7799988,403.6900024,3.930000067,3.839999914,1/31/1992,3/31/1992
3/31/1992,403.6900024,412.7000122,414.9500122,4.050000191,3.930000067,2/28/1992,4/30/1992
4/30/1992,414.9500122,403.6900024,415.3500061,3.700000048,4.050000191,3/31/1992,5/29/1992
5/29/1992,415.3500061,414.9500122,408.1400146,3.700000048,3.700000048,4/30/1992,6/30/1992
6/30/1992,408.1400146,415.3500061,424.2099915,3.569999933,3.700000048,5/29/1992,7/31/1992
7/31/1992,424.2099915,408.1400146,414.0299988,3.180000067,3.569999933,6/30/1992,8/31/1992
8/31/1992,414.0299988,424.2099915,417.7999878,3.160000086,3.180000067,7/31/1992,9/30/1992
9/30/1992,417.7999878,414.0299988,418.6799927,2.690000057,3.160000086,8/31/1992,10/30/1992
10/30/1992,418.6799927,417.7999878,431.3500061,2.960000038,2.690000057,9/30/1992,11/30/1992
11/30/1992,431.3500061,418.6799927,435.7099915,3.269999981,2.960000038,10/30/1992,12/31/1992
12/31/1992,435.7099915,431.3500061,438.7799988,3.079999924,3.269999981,11/30/1992,1/29/1993
1/29/1993,438.7799988,435.7099915,443.3800049,2.900000095,3.079999924,12/31/1992,2/26/1993
2/26/1993,443.3800049,438.7799988,451.6700134,2.950000048,2.900000095,1/29/1993,3/31/1993
3/31/1993,451.6700134,443.3800049,440.1900024,2.890000105,2.950000048,2/26/1993,4/30/1993
4/30/1993,440.1900024,451.6700134,450.1900024,2.910000086,2.890000105,3/31/1993,5/28/1993
5/28/1993,450.1900024,440.1900024,450.5299988,3.059999943,2.910000086,4/30/1993,6/30/1993
6/30/1993,450.5299988,450.1900024,448.1300049,3.029999971,3.059999943,5/28/1993,7/30/1993
7/30/1993,448.1300049,450.5299988,463.5599976,3.029999971,3.029999971,6/30/1993,8/31/1993
8/31/1993,463.5599976,448.1300049,458.9299927,3.00999999,3.029999971,7/30/1993,9/30/1993
9/30/1993,458.9299927,463.5599976,467.8299866,2.920000076,3.00999999,8/31/1993,10/29/1993
10/29/1993,467.8299866,458.9299927,461.7900085,3.029999971,2.920000076,9/30/1993,11/30/1993
11/30/1993,461.7900085,467.8299866,466.4500122,3.140000105,3.029999971,10/29/1993,12/31/1993
12/31/1993,466.4500122,461.7900085,481.6099854,3,3.140000105,11/30/1993,1/31/1994
1/31/1994,481.6099854,466.4500122,467.1400146,2.970000029,3,12/31/1993,2/28/1994
2/28/1994,467.1400146,481.6099854,445.769989,3.359999895,2.970000029,1/31/1994,3/31/1994
3/31/1994,445.769989,467.1400146,450.9100037,3.470000029,3.359999895,2/28/1994,4/29/1994
4/29/1994,450.9100037,445.769989,456.5,3.859999895,3.470000029,3/31/1994,5/31/1994
5/31/1994,456.5,450.9100037,444.269989,4.170000076,3.859999895,4/29/1994,6/30/1994
6/30/1994,444.269989,456.5,458.2600098,4.139999866,4.170000076,5/31/1994,7/29/1994
7/29/1994,458.2600098,444.269989,475.4899902,4.269999981,4.139999866,6/30/1994,8/31/1994
8/31/1994,475.4899902,458.2600098,462.7099915,4.559999943,4.269999981,7/29/1994,9/30/1994
9/30/1994,462.7099915,475.4899902,472.3500061,4.670000076,4.559999943,8/31/1994,10/31/1994
10/31/1994,472.3500061,462.7099915,453.6900024,5.019999981,4.670000076,9/30/1994,11/30/1994
11/30/1994,453.6900024,472.3500061,459.269989,5.550000191,5.019999981,10/31/1994,12/30/1994
12/30/1994,459.269989,453.6900024,470.4200134,5.53000021,5.550000191,11/30/1994,1/31/1995
1/31/1995,470.4200134,459.269989,487.3900146,5.840000153,5.53000021,12/30/1994,2/28/1995
2/28/1995,487.3900146,470.4200134,500.7099915,5.75,5.840000153,1/31/1995,3/31/1995
3/31/1995,500.7099915,487.3900146,514.710022,5.699999809,5.75,2/28/1995,4/28/1995
4/28/1995,514.710022,500.7099915,533.4000244,5.690000057,5.699999809,3/31/1995,5/31/1995
5/31/1995,533.4000244,514.710022,544.75,5.630000114,5.690000057,4/28/1995,6/30/1995
6/30/1995,544.75,533.4000244,562.0599976,5.429999828,5.630000114,5/31/1995,7/31/1995
7/31/1995,562.0599976,544.75,561.8800049,5.420000076,5.429999828,6/30/1995,8/31/1995
8/31/1995,561.8800049,562.0599976,584.4099731,5.269999981,5.420000076,7/31/1995,9/29/1995
9/29/1995,584.4099731,561.8800049,581.5,5.239999771,5.269999981,8/31/1995,10/31/1995
10/31/1995,581.5,584.4099731,605.3699951,5.309999943,5.239999771,9/29/1995,11/30/1995
11/30/1995,605.3699951,581.5,615.9299927,5.320000172,5.309999943,10/31/1995,12/29/1995
12/29/1995,615.9299927,605.3699951,636.0200195,4.960000038,5.320000172,11/30/1995,1/31/1996
1/31/1996,636.0200195,615.9299927,640.4299927,4.909999847,4.960000038,12/29/1995,2/29/1996
2/29/1996,640.4299927,636.0200195,645.5,4.880000114,4.909999847,1/31/1996,3/29/1996
3/29/1996,645.5,640.4299927,654.1699829,5,4.880000114,2/29/1996,4/30/1996
4/30/1996,654.1699829,645.5,669.1199951,5.010000229,5,3/29/1996,5/31/1996
5/31/1996,669.1199951,654.1699829,670.6300049,5.039999962,5.010000229,4/30/1996,6/28/1996
6/28/1996,670.6300049,669.1199951,639.9500122,5.03000021,5.039999962,5/31/1996,7/31/1996
7/31/1996,639.9500122,670.6300049,651.9899902,5.179999828,5.03000021,6/28/1996,8/30/1996
8/30/1996,651.9899902,639.9500122,687.3300171,5.139999866,5.179999828,7/31/1996,9/30/1996
9/30/1996,687.3300171,651.9899902,705.2700195,4.909999847,5.139999866,8/30/1996,10/31/1996
10/31/1996,705.2700195,687.3300171,757.0200195,5.010000229,4.909999847,9/30/1996,11/29/1996
11/29/1996,757.0200195,705.2700195,740.7399902,4.989999771,5.010000229,10/31/1996,12/31/1996
12/31/1996,740.7399902,757.0200195,786.1599731,5.050000191,4.989999771,11/29/1996,1/31/1997
1/31/1997,786.1599731,740.7399902,790.8200073,5.010000229,5.050000191,12/31/1996,2/28/1997
2/28/1997,790.8200073,786.1599731,757.1199951,5.070000172,5.010000229,1/31/1997,3/31/1997
3/31/1997,757.1199951,790.8200073,801.3400269,5.170000076,5.070000172,2/28/1997,4/30/1997
4/30/1997,801.3400269,757.1199951,848.2800293,5.099999905,5.170000076,3/31/1997,5/30/1997
5/30/1997,848.2800293,801.3400269,885.1400146,4.820000172,5.099999905,4/30/1997,6/30/1997
6/30/1997,885.1400146,848.2800293,954.3099976,5.050000191,4.820000172,5/30/1997,7/31/1997
7/31/1997,954.3099976,885.1400146,899.4699707,5.099999905,5.050000191,6/30/1997,8/29/1997
8/29/1997,899.4699707,954.3099976,947.2800293,5.090000153,5.099999905,7/31/1997,9/30/1997
9/30/1997,947.2800293,899.4699707,914.6199951,4.96999979,5.090000153,8/29/1997,10/31/1997
10/31/1997,914.6199951,947.2800293,955.4000244,5.059999943,4.96999979,9/30/1997,11/28/1997
11/28/1997,955.4000244,914.6199951,970.4299927,5.059999943,5.059999943,10/31/1997,12/31/1997
12/31/1997,970.4299927,955.4000244,980.2800293,5.199999809,5.059999943,11/28/1997,1/30/1998
1/30/1998,980.2800293,970.4299927,1049.339966,5.039999962,5.199999809,12/31/1997,2/27/1998
2/27/1998,1049.339966,980.2800293,1101.75,5.179999828,5.039999962,1/30/1998,3/31/1998
3/31/1998,1101.75,1049.339966,1111.75,4.989999771,5.179999828,2/27/1998,4/30/1998
4/30/1998,1111.75,1101.75,1090.819946,4.849999905,4.989999771,3/31/1998,5/29/1998
5/29/1998,1090.819946,1111.75,1133.839966,4.889999866,4.849999905,4/30/1998,6/30/1998
6/30/1998,1133.839966,1090.819946,1120.670044,4.96999979,4.889999866,5/29/1998,7/31/1998
7/31/1998,1120.670044,1133.839966,957.2800293,4.949999809,4.96999979,6/30/1998,8/31/1998
8/31/1998,957.2800293,1120.670044,1017.01001,4.760000229,4.949999809,7/31/1998,9/30/1998
9/30/1998,1017.01001,957.2800293,1098.670044,4.25,4.760000229,8/31/1998,10/30/1998
10/30/1998,1098.670044,1017.01001,1163.630005,4.210000038,4.25,9/30/1998,11/30/1998
11/30/1998,1163.630005,1098.670044,1229.22998,4.420000076,4.210000038,10/30/1998,12/31/1998
12/31/1998,1229.22998,1163.630005,1279.640015,4.349999905,4.420000076,11/30/1998,1/29/1999
1/29/1999,1279.640015,1229.22998,1238.329956,4.360000134,4.349999905,12/31/1998,2/26/1999
2/26/1999,1238.329956,1279.640015,1286.369995,4.550000191,4.360000134,1/29/1999,3/31/1999
3/31/1999,1286.369995,1238.329956,1335.180054,4.360000134,4.550000191,2/26/1999,4/30/1999
4/30/1999,1335.180054,1286.369995,1301.839966,4.429999828,4.360000134,3/31/1999,5/28/1999
5/28/1999,1301.839966,1335.180054,1372.709961,4.510000229,4.429999828,4/30/1999,6/30/1999
6/30/1999,1372.709961,1301.839966,1328.719971,4.670000076,4.510000229,5/28/1999,7/30/1999
7/30/1999,1328.719971,1372.709961,1320.410034,4.619999886,4.670000076,6/30/1999,8/31/1999
8/31/1999,1320.410034,1328.719971,1282.709961,4.849999905,4.619999886,7/30/1999,9/30/1999
9/30/1999,1282.709961,1320.410034,1362.930054,4.710000038,4.849999905,8/31/1999,10/29/1999
10/29/1999,1362.930054,1282.709961,1388.910034,4.960000038,4.710000038,9/30/1999,11/30/1999
11/30/1999,1388.910034,1362.930054,1469.25,5.150000095,4.960000038,10/29/1999,12/31/1999
12/31/1999,1469.25,1388.910034,1394.459961,5.170000076,5.150000095,11/30/1999,1/31/2000
1/31/2000,1394.459961,1469.25,1366.420044,5.53000021,5.170000076,12/31/1999,2/29/2000
2/29/2000,1366.420044,1394.459961,1498.579956,5.639999866,5.53000021,1/31/2000,3/31/2000
3/31/2000,1498.579956,1366.420044,1452.430054,5.71999979,5.639999866,2/29/2000,4/28/2000
4/28/2000,1452.430054,1498.579956,1420.599976,5.650000095,5.71999979,3/31/2000,5/31/2000
5/31/2000,1420.599976,1452.430054,1454.599976,5.489999771,5.650000095,4/28/2000,6/30/2000
6/30/2000,1454.599976,1420.599976,1430.829956,5.699999809,5.489999771,5/31/2000,7/31/2000
7/31/2000,1430.829956,1454.599976,1517.680054,6.019999981,5.699999809,6/30/2000,8/31/2000
8/31/2000,1517.680054,1430.829956,1436.51001,6.110000134,6.019999981,7/31/2000,9/29/2000
9/29/2000,1436.51001,1517.680054,1429.400024,6.03000021,6.110000134,8/31/2000,10/31/2000
10/31/2000,1429.400024,1436.51001,1314.949951,6.150000095,6.03000021,9/29/2000,11/30/2000
11/30/2000,1314.949951,1429.400024,1320.280029,6.010000229,6.150000095,10/31/2000,12/29/2000
12/29/2000,1320.280029,1314.949951,1366.01001,5.730000019,6.010000229,11/30/2000,1/31/2001
1/31/2001,1366.01001,1320.280029,1239.939941,4.840000153,5.730000019,12/29/2000,2/28/2001
2/28/2001,1239.939941,1366.01001,1160.329956,4.71999979,4.840000153,1/31/2001,3/30/2001
3/30/2001,1160.329956,1239.939941,1249.459961,4.179999828,4.71999979,2/28/2001,4/30/2001
4/30/2001,1249.459961,1160.329956,1255.819946,3.829999924,4.179999828,3/30/2001,5/31/2001
5/31/2001,1255.819946,1249.459961,1224.380005,3.539999962,3.829999924,4/30/2001,6/29/2001
6/29/2001,1224.380005,1255.819946,1211.22998,3.559999943,3.539999962,5/31/2001,7/31/2001
7/31/2001,1211.22998,1224.380005,1133.579956,3.440000057,3.559999943,6/29/2001,8/31/2001
8/31/2001,1133.579956,1211.22998,1040.939941,3.279999971,3.440000057,7/31/2001,9/28/2001
9/28/2001,1040.939941,1133.579956,1059.780029,2.299999952,3.279999971,8/31/2001,10/31/2001
10/31/2001,1059.780029,1040.939941,1139.449951,2.00999999,2.299999952,9/28/2001,11/30/2001
11/30/2001,1139.449951,1059.780029,1148.079956,1.730000019,2.00999999,10/31/2001,12/31/2001
12/31/2001,1148.079956,1139.449951,1130.199951,1.669999957,1.730000019,11/30/2001,1/31/2002
1/31/2002,1130.199951,1148.079956,1106.72998,1.720000029,1.669999957,12/31/2001,2/28/2002
2/28/2002,1106.72998,1130.199951,1147.390015,1.720000029,1.720000029,1/31/2002,3/28/2002
3/28/2002,1147.390015,1106.72998,1076.920044,1.74000001,1.720000029,2/28/2002,4/30/2002
4/30/2002,1076.920044,1147.390015,1067.140015,1.730000019,1.74000001,3/28/2002,5/31/2002
5/31/2002,1067.140015,1076.920044,989.8200073,1.705000043,1.730000019,4/30/2002,6/28/2002
6/28/2002,989.8200073,1067.140015,911.6199951,1.659000039,1.705000043,5/31/2002,7/31/2002
7/31/2002,911.6199951,989.8200073,916.0700073,1.664999962,1.659000039,6/28/2002,8/30/2002
8/30/2002,916.0700073,911.6199951,815.2800293,1.644999981,1.664999962,7/31/2002,9/30/2002
9/30/2002,815.2800293,916.0700073,885.7600098,1.52699995,1.644999981,8/30/2002,10/31/2002
10/31/2002,885.7600098,815.2800293,936.3099976,1.417000055,1.52699995,9/30/2002,11/29/2002
11/29/2002,936.3099976,885.7600098,879.8200073,1.202000022,1.417000055,10/31/2002,12/31/2002
12/31/2002,879.8200073,936.3099976,855.7000122,1.182000041,1.202000022,11/29/2002,1/31/2003
1/31/2003,855.7000122,879.8200073,841.1500244,1.148000002,1.182000041,12/31/2002,2/28/2003
2/28/2003,841.1500244,855.7000122,848.1799927,1.174999952,1.148000002,1/31/2003,3/31/2003
3/31/2003,848.1799927,841.1500244,916.9199829,1.090000033,1.174999952,2/28/2003,4/30/2003
4/30/2003,916.9199829,848.1799927,963.5900269,1.100999951,1.090000033,3/31/2003,5/30/2003
5/30/2003,963.5900269,916.9199829,974.5,1.085000038,1.100999951,4/30/2003,6/30/2003
6/30/2003,974.5,963.5900269,990.3099976,0.838,1.085000038,5/30/2003,7/31/2003
7/31/2003,990.3099976,974.5,1008.01001,0.926999986,0.838,6/30/2003,8/29/2003
8/29/2003,1008.01001,990.3099976,995.9699707,0.959999979,0.926999986,7/31/2003,9/30/2003
9/30/2003,995.9699707,1008.01001,1050.709961,0.925999999,0.959999979,8/29/2003,10/31/2003
10/31/2003,1050.709961,995.9699707,1058.199951,0.931999981,0.925999999,9/30/2003,11/28/2003
11/28/2003,1058.199951,1050.709961,1111.920044,0.907999992,0.931999981,10/31/2003,12/31/2003
12/31/2003,1111.920044,1058.199951,1131.130005,0.907000005,0.907999992,11/28/2003,1/30/2004
1/30/2004,1131.130005,1111.920044,1144.939941,0.897000015,0.907000005,12/31/2003,2/27/2004
2/27/2004,1144.939941,1131.130005,1126.209961,0.926999986,0.897000015,1/30/2004,3/31/2004
3/31/2004,1126.209961,1144.939941,1107.300049,0.922999978,0.926999986,2/27/2004,4/30/2004
4/30/2004,1107.300049,1126.209961,1120.680054,0.952000022,0.922999978,3/31/2004,5/28/2004
5/28/2004,1120.680054,1107.300049,1140.839966,1.052000046,0.952000022,4/30/2004,6/30/2004
6/30/2004,1140.839966,1120.680054,1101.719971,1.302999973,1.052000046,5/28/2004,7/30/2004
7/30/2004,1101.719971,1140.839966,1104.23999,1.411999941,1.302999973,6/30/2004,8/31/2004
8/31/2004,1104.23999,1101.719971,1114.579956,1.567999959,1.411999941,7/30/2004,9/30/2004
9/30/2004,1114.579956,1104.23999,1130.199951,1.674000025,1.567999959,8/31/2004,10/29/2004
10/29/2004,1130.199951,1114.579956,1173.819946,1.866999984,1.674000025,9/30/2004,11/30/2004
11/30/2004,1173.819946,1130.199951,1211.920044,2.181999922,1.866999984,10/29/2004,12/31/2004
12/31/2004,1211.920044,1173.819946,1181.27002,2.181999922,2.181999922,11/30/2004,1/31/2005
1/31/2005,1181.27002,1211.920044,1203.599976,2.421999931,2.181999922,12/31/2004,2/28/2005
2/28/2005,1203.599976,1181.27002,1180.589966,2.690000057,2.421999931,1/31/2005,3/31/2005
3/31/2005,1180.589966,1203.599976,1156.849976,2.721999884,2.690000057,2/28/2005,4/29/2005
4/29/2005,1156.849976,1180.589966,1191.5,2.836999893,2.721999884,3/31/2005,5/31/2005
5/31/2005,1191.5,1156.849976,1191.329956,2.881999969,2.836999893,4/29/2005,6/30/2005
6/30/2005,1191.329956,1191.5,1234.180054,3.059999943,2.881999969,5/31/2005,7/29/2005
7/29/2005,1234.180054,1191.329956,1220.329956,3.332000017,3.059999943,6/30/2005,8/31/2005
8/31/2005,1220.329956,1234.180054,1228.810059,3.430000067,3.332000017,7/29/2005,9/30/2005
9/30/2005,1228.810059,1220.329956,1207.01001,3.470000029,3.430000067,8/31/2005,10/31/2005
10/31/2005,1207.01001,1228.810059,1249.47998,3.805000067,3.470000029,9/30/2005,11/30/2005
11/30/2005,1249.47998,1207.01001,1248.290039,3.857000113,3.805000067,10/31/2005,12/30/2005
12/30/2005,1248.290039,1249.47998,1280.079956,3.984999895,3.857000113,11/30/2005,1/31/2006
1/31/2006,1280.079956,1248.290039,1280.660034,4.369999886,3.984999895,12/30/2005,2/28/2006
2/28/2006,1280.660034,1280.079956,1294.869995,4.506999969,4.369999886,1/31/2006,3/31/2006
3/31/2006,1294.869995,1280.660034,1310.609985,4.514999866,4.506999969,2/28/2006,4/28/2006
4/28/2006,1310.609985,1294.869995,1270.089966,4.650000095,4.514999866,3/31/2006,5/31/2006
5/31/2006,1270.089966,1310.609985,1270.199951,4.715000153,4.650000095,4/28/2006,6/30/2006
6/30/2006,1270.199951,1270.089966,1276.660034,4.860000134,4.715000153,5/31/2006,7/31/2006
7/31/2006,1276.660034,1270.199951,1303.819946,4.934999943,4.860000134,6/30/2006,8/31/2006
8/31/2006,1303.819946,1276.660034,1335.849976,4.90500021,4.934999943,7/31/2006,9/29/2006
9/29/2006,1335.849976,1303.819946,1377.939941,4.760000229,4.90500021,8/31/2006,10/31/2006
10/31/2006,1377.939941,1335.849976,1400.630005,4.940000057,4.760000229,9/29/2006,11/30/2006
11/30/2006,1400.630005,1377.939941,1418.300049,4.889999866,4.940000057,10/31/2006,12/29/2006
12/29/2006,1418.300049,1400.630005,1438.23999,4.885000229,4.889999866,11/30/2006,1/31/2007
1/31/2007,1438.23999,1418.300049,1406.819946,4.974999905,4.885000229,12/29/2006,2/28/2007
2/28/2007,1406.819946,1438.23999,1420.859985,4.994999886,4.974999905,1/31/2007,3/30/2007
3/30/2007,1420.859985,1406.819946,1482.369995,4.894999981,4.994999886,2/28/2007,4/30/2007
4/30/2007,1482.369995,1420.859985,1530.619995,4.724999905,4.894999981,3/30/2007,5/31/2007
5/31/2007,1530.619995,1482.369995,1503.349976,4.590000153,4.724999905,4/30/2007,6/29/2007
6/29/2007,1503.349976,1530.619995,1455.27002,4.670000076,4.590000153,5/31/2007,7/31/2007
7/31/2007,1455.27002,1503.349976,1473.98999,4.809999943,4.670000076,6/29/2007,8/31/2007
8/31/2007,1473.98999,1455.27002,1526.75,3.99000001,4.809999943,7/31/2007,9/28/2007
9/28/2007,1526.75,1473.98999,1549.380005,3.700000048,3.99000001,8/31/2007,10/31/2007
10/31/2007,1549.380005,1526.75,1481.140015,3.819999933,3.700000048,9/28/2007,11/30/2007
11/30/2007,1481.140015,1549.380005,1468.359985,3.069999933,3.819999933,10/31/2007,12/31/2007
12/31/2007,1468.359985,1481.140015,1378.550049,3.140000105,3.069999933,11/30/2007,1/31/2008
1/31/2008,1378.550049,1468.359985,1330.630005,1.870000005,3.140000105,12/31/2007,2/29/2008
2/29/2008,1330.630005,1378.550049,1322.699951,1.784999967,1.870000005,1/31/2008,3/31/2008
3/31/2008,1322.699951,1330.630005,1385.589966,1.274999976,1.784999967,2/29/2008,4/30/2008
4/30/2008,1385.589966,1322.699951,1400.380005,1.340000033,1.274999976,3/31/2008,5/30/2008
5/30/2008,1400.380005,1385.589966,1280,1.850000024,1.340000033,4/30/2008,6/30/2008
6/30/2008,1280,1400.380005,1267.380005,1.705000043,1.850000024,5/30/2008,7/31/2008
7/31/2008,1267.380005,1280,1282.829956,1.63499999,1.705000043,6/30/2008,8/29/2008
8/29/2008,1282.829956,1267.380005,1166.359985,1.690000057,1.63499999,7/31/2008,9/30/2008
9/30/2008,1166.359985,1282.829956,968.75,0.899999976,1.690000057,8/29/2008,10/31/2008
10/31/2008,968.75,1166.359985,896.2399902,0.435000002,0.899999976,9/30/2008,11/28/2008
11/28/2008,896.2399902,968.75,903.25,0.02,0.435000002,10/31/2008,12/31/2008
12/31/2008,903.25,896.2399902,825.8800049,0.115000002,0.02,11/28/2008,1/30/2009
1/30/2009,825.8800049,903.25,735.0900269,0.219999999,0.115000002,12/31/2008,2/27/2009
2/27/2009,735.0900269,825.8800049,797.8699951,0.25,0.219999999,1/30/2009,3/31/2009
3/31/2009,797.8699951,735.0900269,872.8099976,0.200000003,0.25,2/27/2009,4/30/2009
4/30/2009,872.8099976,797.8699951,919.1400146,0.125,0.200000003,3/31/2009,5/29/2009
5/29/2009,919.1400146,872.8099976,919.3200073,0.129999995,0.125,4/30/2009,6/30/2009
6/30/2009,919.3200073,919.1400146,987.4799805,0.180000007,0.129999995,5/29/2009,7/31/2009
7/31/2009,987.4799805,919.3200073,1020.619995,0.174999997,0.180000007,6/30/2009,8/31/2009
8/31/2009,1020.619995,987.4799805,1057.079956,0.129999995,0.174999997,7/31/2009,9/30/2009
9/30/2009,1057.079956,1020.619995,1036.189941,0.115000002,0.129999995,8/31/2009,10/30/2009
10/30/2009,1036.189941,1057.079956,1095.630005,0.045000002,0.115000002,9/30/2009,11/30/2009
11/30/2009,1095.630005,1036.189941,1115.099976,0.050000001,0.045000002,10/30/2009,12/31/2009
12/31/2009,1115.099976,1095.630005,1073.869995,0.050000001,0.050000001,11/30/2009,1/29/2010
1/29/2010,1073.869995,1115.099976,1104.48999,0.07,0.050000001,12/31/2009,2/26/2010
2/26/2010,1104.48999,1073.869995,1169.430054,0.115000002,0.07,1/29/2010,3/31/2010
3/31/2010,1169.430054,1104.48999,1186.689941,0.150000006,0.115000002,2/26/2010,4/30/2010
4/30/2010,1186.689941,1169.430054,1089.410034,0.155000001,0.150000006,3/31/2010,5/28/2010
5/28/2010,1089.410034,1186.689941,1030.709961,0.150000006,0.155000001,4/30/2010,6/30/2010
6/30/2010,1030.709961,1089.410034,1101.599976,0.170000002,0.150000006,5/28/2010,7/30/2010
7/30/2010,1101.599976,1030.709961,1049.329956,0.140000001,0.170000002,6/30/2010,8/31/2010
8/31/2010,1049.329956,1101.599976,1141.199951,0.135000005,0.140000001,7/30/2010,9/30/2010
9/30/2010,1141.199951,1049.329956,1183.26001,0.155000001,0.135000005,8/31/2010,10/29/2010
10/29/2010,1183.26001,1141.199951,1180.550049,0.109999999,0.155000001,9/30/2010,11/30/2010
11/30/2010,1180.550049,1183.26001,1257.640015,0.159999996,0.109999999,10/29/2010,12/31/2010
12/31/2010,1257.640015,1180.550049,1286.119995,0.115000002,0.159999996,11/30/2010,1/31/2011
1/31/2011,1286.119995,1257.640015,1327.219971,0.144999996,0.115000002,12/31/2010,2/28/2011
2/28/2011,1327.219971,1286.119995,1325.829956,0.135000005,0.144999996,1/31/2011,3/31/2011
3/31/2011,1325.829956,1327.219971,1363.609985,0.090000004,0.135000005,2/28/2011,4/29/2011
4/29/2011,1363.609985,1325.829956,1345.199951,0.039999999,0.090000004,3/31/2011,5/31/2011
5/31/2011,1345.199951,1363.609985,1320.640015,0.039999999,0.039999999,4/29/2011,6/30/2011
6/30/2011,1320.640015,1345.199951,1292.280029,0.015,0.039999999,5/31/2011,7/29/2011
7/29/2011,1292.280029,1320.640015,1218.890015,0.090000004,0.015,6/30/2011,8/31/2011
8/31/2011,1218.890015,1292.280029,1131.420044,0.015,0.090000004,7/29/2011,9/30/2011
9/30/2011,1131.420044,1218.890015,1253.300049,0.01,0.015,8/31/2011,10/31/2011
10/31/2011,1253.300049,1131.420044,1246.959961,0.005,0.01,9/30/2011,11/30/2011
11/30/2011,1246.959961,1253.300049,1257.599976,0.015,0.005,10/31/2011,12/30/2011
12/30/2011,1257.599976,1246.959961,1312.410034,0.005,0.015,11/30/2011,1/31/2012
1/31/2012,1312.410034,1257.599976,1365.680054,0.055,0.005,12/30/2011,2/29/2012
2/29/2012,1365.680054,1312.410034,1408.469971,0.075000003,0.055,1/31/2012,3/30/2012
3/30/2012,1408.469971,1365.680054,1397.910034,0.064999998,0.075000003,2/29/2012,4/30/2012
4/30/2012,1397.910034,1408.469971,1310.329956,0.090000004,0.064999998,3/30/2012,5/31/2012
5/31/2012,1310.329956,1397.910034,1362.160034,0.059999999,0.090000004,4/30/2012,6/29/2012
6/29/2012,1362.160034,1310.329956,1379.319946,0.079999998,0.059999999,5/31/2012,7/31/2012
7/31/2012,1379.319946,1362.160034,1406.579956,0.100000001,0.079999998,6/29/2012,8/31/2012
8/31/2012,1406.579956,1379.319946,1440.670044,0.085000001,0.100000001,7/31/2012,9/28/2012
9/28/2012,1440.670044,1406.579956,1412.160034,0.090000004,0.085000001,8/31/2012,10/31/2012
10/31/2012,1412.160034,1440.670044,1416.180054,0.104999997,0.090000004,9/28/2012,11/30/2012
11/30/2012,1416.180054,1412.160034,1426.189941,0.075000003,0.104999997,10/31/2012,12/31/2012
12/31/2012,1426.189941,1416.180054,1498.109985,0.035,0.075000003,11/30/2012,1/31/2013
1/31/2013,1498.109985,1426.189941,1514.680054,0.064999998,0.035,12/31/2012,2/28/2013
2/28/2013,1514.680054,1498.109985,1569.189941,0.100000001,0.064999998,1/31/2013,3/28/2013
3/28/2013,1569.189941,1514.680054,1597.569946,0.064999998,0.100000001,2/28/2013,4/30/2013
4/30/2013,1597.569946,1569.189941,1630.73999,0.045000002,0.064999998,3/28/2013,5/31/2013
5/31/2013,1630.73999,1597.569946,1606.280029,0.029999999,0.045000002,4/30/2013,6/28/2013
6/28/2013,1606.280029,1630.73999,1685.72998,0.029999999,0.029999999,5/31/2013,7/31/2013
7/31/2013,1685.72998,1606.280029,1632.969971,0.029999999,0.029999999,6/28/2013,8/30/2013
8/30/2013,1632.969971,1685.72998,1681.550049,0.02,0.029999999,7/31/2013,9/30/2013
9/30/2013,1681.550049,1632.969971,1756.540039,0.005,0.02,8/30/2013,10/31/2013
10/31/2013,1756.540039,1681.550049,1805.810059,0.033,0.005,9/30/2013,11/29/2013
11/29/2013,1805.810059,1756.540039,1848.359985,0.055,0.033,10/31/2013,12/31/2013
12/31/2013,1848.359985,1805.810059,1782.589966,0.063000001,0.055,11/29/2013,1/31/2014
1/31/2014,1782.589966,1848.359985,1859.449951,0.01,0.063000001,12/31/2013,2/28/2014
2/28/2014,1859.449951,1782.589966,1872.339966,0.043000001,0.01,1/31/2014,3/31/2014
3/31/2014,1872.339966,1859.449951,1883.949951,0.028000001,0.043000001,2/28/2014,4/30/2014
4/30/2014,1883.949951,1872.339966,1923.569946,0.02,0.028000001,3/31/2014,5/30/2014
5/30/2014,1923.569946,1883.949951,1960.22998,0.029999999,0.02,4/30/2014,6/30/2014
6/30/2014,1960.22998,1923.569946,1930.670044,0.02,0.029999999,5/30/2014,7/31/2014
7/31/2014,1930.670044,1960.22998,2003.369995,0.017999999,0.02,6/30/2014,8/29/2014
8/29/2014,2003.369995,1930.670044,1972.290039,0.017999999,0.017999999,7/31/2014,9/30/2014
9/30/2014,1972.290039,2003.369995,2018.050049,0.013,0.017999999,8/29/2014,10/31/2014
10/31/2014,2018.050049,1972.290039,2067.560059,0.003,0.013,9/30/2014,11/28/2014
11/28/2014,2067.560059,2018.050049,2058.899902,0.005,0.003,10/31/2014,12/31/2014
12/31/2014,2058.899902,2067.560059,1994.98999,0.037,0.005,11/28/2014,1/30/2015
1/30/2015,1994.98999,2058.899902,2104.5,0.005,0.037,12/31/2014,2/27/2015
2/27/2015,2104.5,1994.98999,2067.889893,0.008,0.005,1/30/2015,3/31/2015
3/31/2015,2067.889893,2104.5,2085.51001,0.025,0.008,2/27/2015,4/30/2015
4/30/2015,2085.51001,2067.889893,2107.389893,0.005,0.025,3/31/2015,5/29/2015
5/29/2015,2107.389893,2085.51001,2063.110107,0.003,0.005,4/30/2015,6/30/2015
6/30/2015,2063.110107,2107.389893,2103.840088,0.01,0.003,5/29/2015,7/31/2015
7/31/2015,2103.840088,2063.110107,1972.180054,0.057999998,0.01,6/30/2015,8/31/2015
8/31/2015,1972.180054,2103.840088,1920.030029,0.003,0.057999998,7/31/2015,9/30/2015
9/30/2015,1920.030029,1972.180054,2079.360107,0.005,0.003,8/31/2015,10/30/2015
10/30/2015,2079.360107,1920.030029,2080.409912,0.068000004,0.005,9/30/2015,11/30/2015
11/30/2015,2080.409912,2079.360107,2043.939941,0.170000002,0.068000004,10/30/2015,12/31/2015
12/31/2015,2043.939941,2080.409912,1940.23999,0.148000002,0.170000002,11/30/2015,1/29/2016
1/29/2016,1940.23999,2043.939941,1932.22998,0.300000012,0.148000002,12/31/2015,2/29/2016
2/29/2016,1932.22998,1940.23999,2059.73999,0.307999998,0.300000012,1/29/2016,3/31/2016
3/31/2016,2059.73999,1932.22998,2065.300049,0.193000004,0.307999998,2/29/2016,4/29/2016
4/29/2016,2065.300049,2059.73999,2096.949951,0.193000004,0.193000004,3/31/2016,5/31/2016
5/31/2016,2096.949951,2065.300049,2098.860107,0.282999992,0.193000004,4/29/2016,6/30/2016
6/30/2016,2098.860107,2096.949951,2173.600098,0.247999996,0.282999992,5/31/2016,7/29/2016
7/29/2016,2173.600098,2098.860107,2170.949951,0.239999995,0.247999996,6/30/2016,8/31/2016
8/31/2016,2170.949951,2173.600098,2168.27002,0.319999993,0.239999995,7/29/2016,9/30/2016
9/30/2016,2168.27002,2170.949951,2126.149902,0.25999999,0.319999993,8/31/2016,10/31/2016
10/31/2016,2126.149902,2168.27002,2198.810059,0.294999987,0.25999999,9/30/2016,11/30/2016
11/30/2016,2198.810059,2126.149902,2238.830078,0.467999995,0.294999987,10/31/2016,12/30/2016
12/30/2016,2238.830078,2198.810059,2278.870117,0.479999989,0.467999995,11/30/2016,1/31/2017
1/31/2017,2278.870117,2238.830078,2363.639893,0.5,0.479999989,12/30/2016,2/28/2017
2/28/2017,2363.639893,2278.870117,2362.719971,0.523000002,0.5,1/31/2017,3/31/2017
3/31/2017,2362.719971,2363.639893,2384.199951,0.737999976,0.523000002,2/28/2017,4/28/2017
4/28/2017,2384.199951,2362.719971,2411.800049,0.779999971,0.737999976,3/31/2017,5/31/2017
5/31/2017,2411.800049,2384.199951,2423.409912,0.949999988,0.779999971,4/28/2017,6/30/2017
6/30/2017,2423.409912,2411.800049,2470.300049,0.992999971,0.949999988,5/31/2017,7/31/2017
7/31/2017,2470.300049,2423.409912,2471.649902,1.052999973,0.992999971,6/30/2017,8/31/2017
8/31/2017,2471.649902,2470.300049,2519.360107,0.977999985,1.052999973,7/31/2017,9/29/2017
9/29/2017,2519.360107,2471.649902,2575.26001,1.027999997,0.977999985,8/31/2017,10/31/2017
10/31/2017,2575.26001,2519.360107,2647.580078,1.123000026,1.027999997,9/29/2017,11/30/2017
11/30/2017,2647.580078,2575.26001,2673.610107,1.238000035,1.123000026,10/31/2017,12/29/2017
12/29/2017,2673.610107,2647.580078,2823.810059,1.355000019,1.238000035,11/30/2017,1/31/2018
1/31/2018,2823.810059,2673.610107,2713.830078,1.429999948,1.355000019,12/29/2017,2/28/2018
2/28/2018,2713.830078,2823.810059,2640.870117,1.618000031,1.429999948,1/31/2018,3/29/2018
3/29/2018,2640.870117,2713.830078,2648.050049,1.669999957,1.618000031,2/28/2018,4/30/2018
4/30/2018,2648.050049,2640.870117,2705.27002,1.763000011,1.669999957,3/29/2018,5/31/2018
5/31/2018,2705.27002,2648.050049,2718.370117,1.870000005,1.763000011,4/30/2018,6/29/2018
6/29/2018,2718.370117,2705.27002,2816.290039,1.879999995,1.870000005,5/31/2018,7/31/2018
7/31/2018,2816.290039,2718.370117,2901.52002,1.985000014,1.879999995,6/29/2018,8/31/2018
8/31/2018,2901.52002,2816.290039,2913.97998,2.055000067,1.985000014,7/31/2018,9/28/2018
9/28/2018,2913.97998,2901.52002,2711.73999,2.150000095,2.055000067,8/31/2018,10/31/2018
10/31/2018,2711.73999,2913.97998,2760.169922,2.278000116,2.150000095,9/28/2018,11/30/2018
11/30/2018,2760.169922,2711.73999,2506.850098,2.308000088,2.278000116,10/31/2018,12/31/2018
12/31/2018,2506.850098,2760.169922,2681.050049,2.299999952,2.308000088,11/30/2018,1/31/2019
